timestamp,right_torque_Nm,left_torque_Nm
1781174227.0576663,-0.0073260073260073,0.0
1781174227.067807,-0.0073260073260073,0.0
1781174227.0780628,-0.0073260073260073,0.0
1781174227.0883155,-0.0073260073260073,0.0
1781174227.098488,-0.0073260073260073,0.0
1781174227.10882,-0.0073260073260073,0.0
1781174227.11898,-0.0073260073260073,0.0
1781174227.1292143,-0.0073260073260073,0.0
1781174227.1394422,-0.0073260073260073,0.0
1781174227.1495662,-0.0073260073260073,0.0
1781174227.159673,-0.0073260073260073,0.0
1781174227.1697798,-0.0073260073260073,0.0
1781174227.1800148,-0.0073260073260073,0.0
1781174227.1901424,-0.0073260073260073,0.0
1781174227.200262,-0.0073260073260073,0.0
1781174227.21043,-0.0073260073260073,0.0
1781174227.2205608,-0.0073260073260073,0.0
1781174227.2306685,-0.0073260073260073,0.0
1781174227.240775,-0.0073260073260073,0.0
1781174227.2508795,-0.0073260073260073,0.0
1781174227.2611291,-0.0073260073260073,0.0
1781174227.271244,-0.0073260073260073,0.0
1781174227.2813888,-0.0073260073260073,0.0
1781174227.2915394,-0.0073260073260073,0.0
1781174227.301693,-0.0073260073260073,0.0
1781174227.3118343,-0.0073260073260073,0.0
1781174227.3219876,-0.0073260073260073,0.0
1781174227.3321154,-0.0073260073260073,0.0
1781174227.3422213,-0.0073260073260073,0.0
1781174227.3523645,-0.0073260073260073,0.0
1781174227.3624818,-0.0073260073260073,0.0
1781174227.3726063,-0.0073260073260073,0.0
1781174227.3827167,-0.0073260073260073,0.0
1781174227.3928332,-0.0073260073260073,0.0
1781174227.4030883,-0.0073260073260073,0.0
1781174227.4132051,-0.0073260073260073,0.0
1781174227.4233677,-0.0073260073260073,0.0
1781174227.4334817,-0.0073260073260073,0.0
1781174227.4436245,-0.0073260073260073,0.0
1781174227.4537468,-0.0073260073260073,0.0
1781174227.464368,-0.0073260073260073,0.0
1781174227.4744728,-0.0073260073260073,0.0
1781174227.4845982,-0.0073260073260073,0.0
1781174227.4947436,-0.0073260073260073,0.0
1781174227.5048509,-0.0073260073260073,0.0
1781174227.5149627,-0.0073260073260073,0.0
1781174227.525084,-0.0073260073260073,0.0
1781174227.535229,-0.0073260073260073,0.0
1781174227.5453725,-0.0073260073260073,0.0
1781174227.5556428,-0.0073260073260073,0.0
1781174227.5657725,-0.0073260073260073,0.0
1781174227.5758946,-0.0073260073260073,0.0
1781174227.5860105,-0.0073260073260073,0.0
1781174227.5961518,-0.0073260073260073,0.0
1781174227.606297,-0.0073260073260073,0.0
1781174227.6164083,-0.0073260073260073,0.0
1781174227.6265192,-0.0073260073260073,0.0
1781174227.6366215,-0.0073260073260073,0.0
1781174227.6467292,-0.0073260073260073,0.0
1781174227.6568375,-0.0073260073260073,0.0
1781174227.6670427,-0.0073260073260073,0.0
1781174227.6771746,-0.0073260073260073,0.0
1781174227.6874046,-0.0073260073260073,0.0
1781174227.6975129,-0.0073260073260073,0.0
1781174227.7076175,-0.0073260073260073,0.0
1781174227.7177184,-0.0073260073260073,0.0
1781174227.7278564,-0.0073260073260073,0.0
1781174227.7381306,-0.0073260073260073,0.0
1781174227.7484062,-0.0073260073260073,0.0
1781174227.758651,-0.0073260073260073,0.0
1781174227.7689037,-0.0073260073260073,0.0
1781174227.7791238,-0.0073260073260073,0.0
1781174227.7893527,-0.0073260073260073,0.0
1781174227.7996185,-0.0073260073260073,0.0
1781174227.8098814,-0.0073260073260073,0.0
1781174227.820112,-0.0073260073260073,0.0
1781174227.8303578,-0.0073260073260073,0.0
1781174227.8405666,-0.0073260073260073,0.0
1781174227.850785,-0.0073260073260073,0.0
1781174227.8610115,-0.0073260073260073,0.0
1781174227.8712778,-0.0073260073260073,0.0
1781174227.8814845,-0.0073260073260073,0.0
1781174227.8917153,-0.0073260073260073,0.0
1781174227.904307,-0.0073260073260073,0.0
1781174227.9144783,-0.0073260073260073,0.0
1781174227.9246814,-0.0073260073260073,0.0
1781174227.93507,-0.0073260073260073,0.0
1781174227.9453862,-0.0073260073260073,0.0
1781174227.9556746,-0.0073260073260073,0.0
1781174227.9659705,-0.0073260073260073,0.0
1781174227.9762902,-0.0073260073260073,0.0
1781174227.9863892,-0.0073260073260073,0.0
1781174227.9964852,-0.0073260073260073,0.0
1781174228.0065897,-0.0073260073260073,0.0
1781174228.0167336,-0.0073260073260073,0.0
1781174228.026839,-0.0073260073260073,0.0
1781174228.0369446,-0.0073260073260073,0.0
1781174228.0482738,-0.0073260073260073,0.0
1781174228.058453,-0.0073260073260073,0.0
1781174228.0686915,-0.0073260073260073,0.0
1781174228.0788648,-0.0073260073260073,0.0
1781174228.0891445,-0.0073260073260073,0.0
1781174228.0992656,-0.0073260073260073,0.0
1781174228.1093628,-0.0073260073260073,0.0
1781174228.1194663,-0.0073260073260073,0.0
1781174228.1295614,-0.0073260073260073,0.0
1781174228.1396663,-0.0073260073260073,0.0
1781174228.1497746,-0.0073260073260073,0.0
1781174228.1599836,-0.0073260073260073,0.0
1781174228.1701777,-0.0073260073260073,0.0
1781174228.1802619,-0.0073260073260073,0.0
1781174228.1903927,-0.0073260073260073,0.0
1781174228.2005064,-0.0073260073260073,0.0
1781174228.2106144,-0.0073260073260073,0.0
1781174228.2207131,-0.0073260073260073,0.0
1781174228.2308311,-0.0073260073260073,0.0
1781174228.2409763,-0.0073260073260073,0.0
1781174228.2510989,-0.0073260073260073,0.0
1781174228.261243,-0.0073260073260073,0.0
1781174228.2713487,-0.0073260073260073,0.0
1781174228.2814474,-0.0073260073260073,0.0
1781174228.291551,-0.0073260073260073,0.0
1781174228.3017447,-0.0073260073260073,0.0
1781174228.3118508,-0.0073260073260073,0.0
1781174228.3219485,-0.0073260073260073,0.0
1781174228.3320782,-0.0073260073260073,0.0
1781174228.3421934,-0.0073260073260073,0.0
1781174228.352383,-0.0073260073260073,0.0
1781174228.3625705,-0.0073260073260073,0.0
1781174228.3726795,-0.0073260073260073,0.0
1781174228.382803,-0.0073260073260073,0.0
1781174228.392916,-0.0073260073260073,0.0
1781174228.4030232,-0.0073260073260073,0.0
1781174228.4131296,-0.0073260073260073,0.0
1781174228.423271,-0.0073260073260073,0.0
1781174228.4334006,-0.0073260073260073,0.0
1781174228.4436228,-0.0073260073260073,0.0
1781174228.4537303,-0.0073260073260073,0.0
1781174228.463893,-0.0073260073260073,0.0
1781174228.4740062,-0.0073260073260073,0.0
1781174228.4841518,-0.0073260073260073,0.0
1781174228.4942849,-0.0073260073260073,0.0
1781174228.5044074,-0.0073260073260073,0.0
1781174228.514503,-0.0073260073260073,0.0
1781174228.5246763,-0.0073260073260073,0.0
1781174228.534774,-0.0073260073260073,0.0
1781174228.5448818,-0.0073260073260073,0.0
1781174228.5550857,-0.0073260073260073,0.0
1781174228.56523,-0.0073260073260073,0.0
1781174228.5753448,-0.0073260073260073,0.0
1781174228.5855095,-0.0073260073260073,0.0
1781174228.595761,-0.0073260073260073,0.0
1781174228.6058567,-0.0073260073260073,0.0
1781174228.6159637,-0.0073260073260073,0.0
1781174228.6260633,-0.0073260073260073,0.0
1781174228.6361752,-0.0073260073260073,0.0
1781174228.6463664,-0.0073260073260073,0.0
1781174228.6565716,-0.0073260073260073,0.0
1781174228.6667955,-0.0073260073260073,0.0
1781174228.6769006,-0.0073260073260073,0.0
1781174228.687037,-0.0073260073260073,0.0
1781174228.6971362,-0.0073260073260073,0.0
1781174228.7072468,-0.0073260073260073,0.0
1781174228.7173455,-0.0073260073260073,0.0
1781174228.7274914,-0.0073260073260073,0.0
1781174228.737618,-0.0073260073260073,0.0
1781174228.7477436,-0.0073260073260073,0.0
1781174228.7578676,-0.0073260073260073,0.0
1781174228.767973,-0.0073260073260073,0.0
1781174228.7781165,-0.0073260073260073,0.0
1781174228.788239,-0.0073260073260073,0.0
1781174228.798379,-0.0073260073260073,0.0
1781174228.8084836,-0.0073260073260073,0.0
1781174228.818663,-0.0073260073260073,0.0
1781174228.8287623,-0.0073260073260073,0.0
1781174228.838947,-0.0073260073260073,0.0
1781174228.8490884,-0.0073260073260073,0.0
1781174228.8592,-0.0073260073260073,0.0
1781174228.869253,-0.0073260073260073,0.0
1781174228.8793592,-0.0073260073260073,0.0
1781174228.8894935,-0.0073260073260073,0.0
1781174228.8996022,-0.0073260073260073,0.0
1781174228.9097092,-0.0073260073260073,0.0
1781174228.9198377,-0.0073260073260073,0.0
1781174228.929943,-0.0073260073260073,0.0
1781174228.9401674,-0.0073260073260073,0.0
1781174228.950415,-0.0073260073260073,0.0
1781174228.960552,-0.0073260073260073,0.0
1781174228.970714,-0.0073260073260073,0.0
1781174228.9808774,-0.0073260073260073,0.0
1781174228.9910293,-0.0073260073260073,0.0
1781174229.0011888,-0.0073260073260073,0.0
1781174229.0113738,-0.0073260073260073,0.0
1781174229.0214753,-0.0073260073260073,0.0
1781174229.031631,-0.0073260073260073,0.0
1781174229.041793,-0.0073260073260073,0.0
1781174229.0519016,-0.0073260073260073,0.0
1781174229.0620232,-0.0073260073260073,0.0
1781174229.0722573,-0.0073260073260073,0.0
1781174229.082438,-0.0073260073260073,0.0
1781174229.0926018,-0.0073260073260073,0.0
1781174229.1027675,-0.0073260073260073,0.0
1781174229.1129372,-0.0073260073260073,0.0
1781174229.123092,-0.0073260073260073,0.0
1781174229.1332915,-0.0073260073260073,0.0
1781174229.1434774,-0.0073260073260073,0.0
1781174229.1536539,-0.0073260073260073,0.0
1781174229.1638224,-0.0073260073260073,0.0
1781174229.1740031,-0.0073260073260073,0.0
1781174229.1841152,-0.0073260073260073,0.0
1781174229.19448,-0.0073260073260073,0.0
1781174229.2046006,-0.0073260073260073,0.0
1781174229.2147226,-0.0073260073260073,0.0
1781174229.2249568,-0.0073260073260073,0.0
1781174229.2351575,-0.0073260073260073,0.0
1781174229.2453623,-0.0073260073260073,0.0
1781174229.2555795,-0.0073260073260073,0.0
1781174229.2656934,-0.0073260073260073,0.0
1781174229.2757933,-0.0073260073260073,0.0
1781174229.2859018,-0.0073260073260073,0.0
1781174229.2960997,-0.0073260073260073,0.0
1781174229.3062491,-0.0073260073260073,0.0
1781174229.3163865,-0.0073260073260073,0.0
1781174229.326505,-0.0073260073260073,0.0
1781174229.3366075,-0.0073260073260073,0.0
1781174229.3467572,-0.0073260073260073,0.0
1781174229.3569112,-0.0073260073260073,0.0
1781174229.3671806,-0.0073260073260073,0.0
1781174229.3773427,-0.0073260073260073,0.0
1781174229.3876164,-0.0073260073260073,0.0
1781174229.397726,-0.0073260073260073,0.0
1781174229.4078636,-0.0073260073260073,0.0
1781174229.417978,-0.0073260073260073,0.0
1781174229.4280868,-0.0073260073260073,0.0
1781174229.4381933,-0.0073260073260073,0.0
1781174229.448307,-0.0073260073260073,0.0
1781174229.45842,-0.0073260073260073,0.0
1781174229.4685535,-0.0073260073260073,0.0
1781174229.4786458,-0.0073260073260073,0.0
1781174229.48884,-0.0073260073260073,0.0
1781174229.4989493,-0.0073260073260073,0.0
1781174229.509045,-0.0073260073260073,0.0
1781174229.5191398,-0.0073260073260073,0.0
1781174229.5292482,-0.0073260073260073,0.0
1781174229.53935,-0.0073260073260073,0.0
1781174229.5494406,-0.0073260073260073,0.0
1781174229.5597086,-0.0073260073260073,0.0
1781174229.5698433,-0.0073260073260073,0.0
1781174229.5799723,-0.0073260073260073,0.0
1781174229.5900939,-0.0073260073260073,0.0
1781174229.6001992,-0.0073260073260073,0.0
1781174229.6102905,-0.0073260073260073,0.0
1781174229.6204095,-0.0073260073260073,0.0
1781174229.6305132,-0.0073260073260073,0.0
1781174229.6406367,-0.0073260073260073,0.0
1781174229.6508758,-0.0073260073260073,0.0
1781174229.660973,-0.0073260073260073,0.0
1781174229.6710918,-0.0073260073260073,0.0
1781174229.6812327,-0.0073260073260073,0.0
1781174229.6913483,-0.0073260073260073,0.0
1781174229.701463,-0.0073260073260073,0.0
1781174229.7117906,-0.0073260073260073,0.0
1781174229.7219474,-0.0073260073260073,0.0
1781174229.7321236,-0.0073260073260073,0.0
1781174229.7429683,-0.0073260073260073,0.0
1781174229.7530913,-0.0073260073260073,0.0
1781174229.7632067,-0.0073260073260073,0.0
1781174229.7733219,-0.0073260073260073,0.0
1781174229.7835217,-0.0073260073260073,0.0
1781174229.7936287,-0.0073260073260073,0.0
1781174229.8037438,-0.0073260073260073,0.0
1781174229.8138585,-0.0073260073260073,0.0
1781174229.8239942,-0.0073260073260073,0.0
1781174229.8341105,-0.0073260073260073,0.0
1781174229.8442485,-0.0073260073260073,0.0
1781174229.8543932,-0.0073260073260073,0.0
1781174229.8646164,-0.0073260073260073,0.0
1781174229.8747532,-0.0073260073260073,0.0
1781174229.8848634,-0.0073260073260073,0.0
1781174229.8950431,-0.0073260073260073,0.0
1781174229.9051476,-0.0073260073260073,0.0
1781174229.9152932,-0.0073260073260073,0.0
1781174229.9254162,-0.0073260073260073,0.0
1781174229.9357357,-0.0073260073260073,0.0
1781174229.9458501,-0.0073260073260073,0.0
1781174229.9560614,-0.0073260073260073,0.0
1781174229.9661703,-0.0073260073260073,0.0
1781174229.976261,-0.0073260073260073,0.0
1781174229.9863591,-0.0073260073260073,0.0
1781174229.9964635,-0.0073260073260073,0.0
1781174230.0066838,-0.0073260073260073,0.0
1781174230.0167873,-0.0073260073260073,0.0
1781174230.0270324,-0.0073260073260073,0.0
1781174230.0371702,-0.0073260073260073,0.0
1781174230.0472627,-0.0073260073260073,0.0
1781174230.0573983,-0.0073260073260073,0.0
1781174230.067519,-0.0073260073260073,0.0
1781174230.0776587,-0.0073260073260073,0.0
1781174230.087769,-0.0073260073260073,0.0
1781174230.097877,-0.0073260073260073,0.0
1781174230.1079872,-0.0073260073260073,0.0
1781174230.1180954,-0.0073260073260073,0.0
1781174230.1282406,-0.0073260073260073,0.0
1781174230.1384115,-0.0073260073260073,0.0
1781174230.1485205,-0.0073260073260073,0.0
1781174230.1586566,-0.0073260073260073,0.0
1781174230.1687658,-0.0073260073260073,0.0
1781174230.1789014,-0.0073260073260073,0.0
1781174230.1890123,-0.0073260073260073,0.0
1781174230.1991196,-0.0073260073260073,0.0
1781174230.2092304,-0.0073260073260073,0.0
1781174230.2193553,-0.0073260073260073,0.0
1781174230.2294743,-0.0073260073260073,0.0
1781174230.239687,-0.0073260073260073,0.0
1781174230.2498143,-0.0073260073260073,0.0
1781174230.259961,-0.0073260073260073,0.0
1781174230.2701137,-0.0073260073260073,0.0
1781174230.2802382,-0.0073260073260073,0.0
1781174230.2903862,-0.0073260073260073,0.0
1781174230.3005087,-0.0073260073260073,0.0
1781174230.3106163,-0.0073260073260073,0.0
1781174230.3207242,-0.0073260073260073,0.0
1781174230.3309886,-0.0073260073260073,0.0
1781174230.3413727,-0.0073260073260073,0.0
1781174230.3514736,-0.0073260073260073,0.0
1781174230.361576,-0.0073260073260073,0.0
1781174230.3716757,-0.0073260073260073,0.0
1781174230.3817754,-0.0073260073260073,0.0
1781174230.3918784,-0.0073260073260073,0.0
1781174230.4020746,-0.0073260073260073,0.0
1781174230.4123435,-0.0073260073260073,0.0
1781174230.4224665,-0.0073260073260073,0.0
1781174230.4325707,-0.0073260073260073,0.0
1781174230.4426744,-0.0073260073260073,0.0
1781174230.4527767,-0.0073260073260073,0.0
1781174230.4628778,-0.0073260073260073,0.0
1781174230.4730945,-0.0073260073260073,0.0
1781174230.483352,-0.0073260073260073,0.0
1781174230.4934733,-0.0073260073260073,0.0
1781174230.5036201,-0.0073260073260073,0.0
1781174230.513719,-0.0073260073260073,0.0
1781174230.523832,-0.0073260073260073,0.0
1781174230.5339377,-0.0073260073260073,0.0
1781174230.544075,-0.0073260073260073,0.0
1781174230.5541904,-0.0073260073260073,0.0
1781174230.5642853,-0.0073260073260073,0.0
1781174230.5744143,-0.0073260073260073,0.0
1781174230.5845444,-0.0073260073260073,0.0
1781174230.5948284,-0.0073260073260073,0.0
1781174230.6049407,-0.0073260073260073,0.0
1781174230.6151083,-0.0073260073260073,0.0
1781174230.6252432,-0.0073260073260073,0.0
1781174230.635374,-0.0073260073260073,0.0
1781174230.645514,-0.0073260073260073,0.0
1781174230.655631,-0.0073260073260073,0.0
1781174230.6657357,-0.0073260073260073,0.0
1781174230.6758382,-0.0073260073260073,0.0
1781174230.6860578,-0.0073260073260073,0.0
1781174230.696301,-0.0073260073260073,0.0
1781174230.706576,-0.0073260073260073,0.0
1781174230.7166882,-0.0073260073260073,0.0
1781174230.7268732,-0.0073260073260073,0.0
1781174230.7370832,-0.0073260073260073,0.0
1781174230.7472048,-0.0073260073260073,0.0
1781174230.757447,-0.0073260073260073,0.0
1781174230.767675,-0.0073260073260073,0.0
1781174230.7778635,-0.0073260073260073,0.0
1781174230.788001,-0.0073260073260073,0.0
1781174230.7982593,-0.0073260073260073,0.0
1781174230.8083825,-0.0073260073260073,0.0
1781174230.8184865,-0.0073260073260073,0.0
1781174230.828589,-0.0073260073260073,0.0
1781174230.8387973,-0.0073260073260073,0.0
1781174230.8490279,-0.0073260073260073,0.0
1781174230.8592644,-0.0073260073260073,0.0
1781174230.8695161,-0.0073260073260073,0.0
1781174230.8798788,-0.0073260073260073,0.0
1781174230.889986,-0.0073260073260073,0.0
1781174230.9001217,-0.0073260073260073,0.0
1781174230.9103847,-0.0073260073260073,0.0
1781174230.920492,-0.0073260073260073,0.0
1781174230.9322639,-0.0073260073260073,0.0
1781174230.9423988,-0.0073260073260073,0.0
1781174230.952509,-0.0073260073260073,0.0
1781174230.9626076,-0.0073260073260073,0.0
1781174230.9727077,-0.0073260073260073,0.0
1781174230.982816,-0.0073260073260073,0.0
1781174230.992923,-0.0073260073260073,0.0
1781174231.0030313,-0.0073260073260073,0.0
1781174231.0131922,-0.0073260073260073,0.0
1781174231.0234084,-0.0073260073260073,0.0
1781174231.0335705,-0.0073260073260073,0.0
1781174231.0437186,-0.0073260073260073,0.0
1781174231.0538568,-0.0073260073260073,0.0
1781174231.0640218,-0.0073260073260073,0.0
1781174231.0742052,-0.0073260073260073,0.0
1781174231.0844285,-0.0073260073260073,0.0
1781174231.0946066,-0.0073260073260073,0.0
1781174231.1048214,-0.0073260073260073,0.0
1781174231.1149616,-0.0073260073260073,0.0
1781174231.1251874,-0.0073260073260073,0.0
1781174231.1352906,-0.0073260073260073,0.0
1781174231.1454577,-0.0073260073260073,0.0
1781174231.1556163,-0.0073260073260073,0.0
1781174231.1661286,-0.0073260073260073,0.0
1781174231.176251,-0.0073260073260073,0.0
1781174231.1864426,-0.0073260073260073,0.0
1781174231.1965954,-0.0073260073260073,0.0
1781174231.2070143,-0.0073260073260073,0.0
1781174231.2171745,-0.0073260073260073,0.0
1781174231.2274098,-0.0073260073260073,0.0
1781174231.2377942,-0.0073260073260073,0.0
1781174231.2479694,-0.0073260073260073,0.0
1781174231.2582293,-0.0073260073260073,0.0
1781174231.2684705,-0.0073260073260073,0.0
1781174231.2787042,-0.0073260073260073,0.0
1781174231.2891026,-0.0073260073260073,0.0
1781174231.2992918,-0.0073260073260073,0.0
1781174231.3094733,-0.0073260073260073,0.0
1781174231.319679,-0.0073260073260073,0.0
1781174231.3298347,-0.0073260073260073,0.0
1781174231.3399975,-0.0073260073260073,0.0
1781174231.3501725,-0.0073260073260073,0.0
1781174231.360335,-0.0073260073260073,0.0
1781174231.3704996,-0.0073260073260073,0.0
1781174231.3805993,-0.0073260073260073,0.0
1781174231.3907418,-0.0073260073260073,0.0
1781174231.400853,-0.0073260073260073,0.0
1781174231.4110444,-0.0073260073260073,0.0
1781174231.4211476,-0.0073260073260073,0.0
1781174231.431292,-0.0073260073260073,0.0
1781174231.4414003,-0.0073260073260073,0.0
1781174231.4515204,-0.0073260073260073,0.0
1781174231.4616554,-0.0073260073260073,0.0
1781174231.4717865,-0.0073260073260073,0.0
1781174231.4820192,-0.0073260073260073,0.0
1781174231.4921336,-0.0073260073260073,0.0
1781174231.5022707,-0.0073260073260073,0.0
1781174231.5124214,-0.0073260073260073,0.0
1781174231.5225754,-0.0073260073260073,0.0
1781174231.5327394,-0.0073260073260073,0.0
1781174231.542903,-0.0073260073260073,0.0
1781174231.5530891,-0.0073260073260073,0.0
1781174231.5632458,-0.0073260073260073,0.0
1781174231.5734303,-0.0073260073260073,0.0
1781174231.5836158,-0.0073260073260073,0.0
1781174231.5938077,-0.0073260073260073,0.0
1781174231.6039715,-0.0073260073260073,0.0
1781174231.6141386,-0.0073260073260073,0.0
1781174231.6243086,-0.0073260073260073,0.0
1781174231.6344862,-0.0073260073260073,0.0
1781174231.6446874,-0.0073260073260073,0.0
1781174231.6548681,-0.0073260073260073,0.0
1781174231.6650293,-0.0073260073260073,0.0
1781174231.675191,-0.0073260073260073,0.0
1781174231.6853764,-0.0073260073260073,0.0
1781174231.6955535,-0.0073260073260073,0.0
1781174231.7057226,-0.0073260073260073,0.0
1781174231.7158916,-0.0073260073260073,0.0
1781174231.7260442,-0.0073260073260073,0.0
1781174231.736189,-0.0073260073260073,0.0
1781174231.74634,-0.0073260073260073,0.0
1781174231.7564924,-0.0073260073260073,0.0
1781174231.766645,-0.0073260073260073,0.0
1781174231.7767844,-0.0073260073260073,0.0
1781174231.7869296,-0.0073260073260073,0.0
1781174231.797072,-0.0073260073260073,0.0
1781174231.8072379,-0.0073260073260073,0.0
1781174231.8173985,-0.0073260073260073,0.0
1781174231.8275623,-0.0073260073260073,0.0
1781174231.8377202,-0.0073260073260073,0.0
1781174231.8478692,-0.0073260073260073,0.0
1781174231.8580325,-0.0073260073260073,0.0
1781174231.8681865,-0.0073260073260073,0.0
1781174231.8783777,-0.0073260073260073,0.0
1781174231.8885388,-0.0073260073260073,0.0
1781174231.898695,-0.0073260073260073,0.0
1781174231.9088533,-0.0073260073260073,0.0
1781174231.9190166,-0.0073260073260073,0.0
1781174231.929191,-0.0073260073260073,0.0
1781174231.9393442,-0.0073260073260073,0.0
1781174231.949536,-0.0073260073260073,0.0
1781174231.9596865,-0.0073260073260073,0.0
1781174231.9698358,-0.0073260073260073,0.0
1781174231.98001,-0.0073260073260073,0.0
1781174231.9901688,-0.0073260073260073,0.0
1781174232.0003185,-0.0073260073260073,0.0
1781174232.0104861,-0.0073260073260073,0.0
1781174232.0206432,-0.0073260073260073,0.0
1781174232.0308638,-0.0073260073260073,0.0
1781174232.0410488,-0.0073260073260073,0.0
1781174232.0512514,-0.0073260073260073,0.0
1781174232.061412,-0.0073260073260073,0.0
1781174232.0715806,-0.0073260073260073,0.0
1781174232.0817409,-0.0073260073260073,0.0
1781174232.0919456,-0.0073260073260073,0.0
1781174232.1020539,-0.0073260073260073,0.0
1781174232.1122265,-0.0073260073260073,0.0
1781174232.1223896,-0.0073260073260073,0.0
1781174232.132573,-0.0073260073260073,0.0
1781174232.142739,-0.0073260073260073,0.0
1781174232.152854,-0.0073260073260073,0.0
1781174232.1630194,-0.0073260073260073,0.0
1781174232.173175,-0.0073260073260073,0.0
1781174232.1833951,-0.0073260073260073,0.0
1781174232.1935341,-0.0073260073260073,0.0
1781174232.2036588,-0.0073260073260073,0.0
1781174232.213765,-0.0073260073260073,0.0
1781174232.2238774,-0.0073260073260073,0.0
1781174232.233975,-0.0073260073260073,0.0
1781174232.2440856,-0.0073260073260073,0.0
1781174232.2542062,-0.0073260073260073,0.0
1781174232.2643223,-0.0073260073260073,0.0
1781174232.2744741,-0.0073260073260073,0.0
1781174232.2846134,-0.0073260073260073,0.0
1781174232.2947304,-0.0073260073260073,0.0
1781174232.3048546,-0.0073260073260073,0.0
1781174232.3149793,-0.0073260073260073,0.0
1781174232.3251066,-0.0073260073260073,0.0
1781174232.3352394,-0.0073260073260073,0.0
1781174232.3453817,-0.0073260073260073,0.0
1781174232.3555272,-0.0073260073260073,0.0
1781174232.3656716,-0.0073260073260073,0.0
1781174232.3757694,-0.0073260073260073,0.0
1781174232.3859098,-0.0073260073260073,0.0
1781174232.3960383,-0.0073260073260073,0.0
1781174232.4061525,-0.0073260073260073,0.0
1781174232.416385,-0.0073260073260073,0.0
1781174232.426581,-0.0073260073260073,0.0
1781174232.4366915,-0.0073260073260073,0.0
1781174232.4467967,-0.0073260073260073,0.0
1781174232.4569106,-0.0073260073260073,0.0
1781174232.4670365,-0.0073260073260073,0.0
1781174232.4771883,-0.0073260073260073,0.0
1781174232.4872732,-0.0073260073260073,0.0
1781174232.4973805,-0.0073260073260073,0.0
1781174232.5074933,-0.0073260073260073,0.0
1781174232.5175946,-0.0073260073260073,0.0
1781174232.5277004,-0.0073260073260073,0.0
1781174232.5378213,-0.0073260073260073,0.0
1781174232.547938,-0.0073260073260073,0.0
1781174232.5580587,-0.0073260073260073,0.0
1781174232.568192,-0.0073260073260073,0.0
1781174232.5783143,-0.0073260073260073,0.0
1781174232.5884283,-0.0073260073260073,0.0
1781174232.5985425,-0.0073260073260073,0.0
1781174232.6086547,-0.0073260073260073,0.0
1781174232.6187606,-0.0073260073260073,0.0
1781174232.6288893,-0.0073260073260073,0.0
1781174232.6390169,-0.0073260073260073,0.0
1781174232.6491442,-0.0073260073260073,0.0
1781174232.6592596,-0.0073260073260073,0.0
1781174232.669393,-0.0073260073260073,0.0
1781174232.679512,-0.0073260073260073,0.0
1781174232.68963,-0.0073260073260073,0.0
1781174232.699757,-0.0073260073260073,0.0
1781174232.7098765,-0.0073260073260073,0.0
1781174232.7199984,-0.0073260073260073,0.0
1781174232.7301145,-0.0073260073260073,0.0
1781174232.7402117,-0.0073260073260073,0.0
1781174232.7503295,-0.0073260073260073,0.0
1781174232.7604983,-0.0073260073260073,0.0
1781174232.7706048,-0.0073260073260073,0.0
1781174232.7807515,-0.0073260073260073,0.0
1781174232.7908657,-0.0073260073260073,0.0
1781174232.8009698,-0.0073260073260073,0.0
1781174232.8110814,-0.0073260073260073,0.0
1781174232.821243,-0.0073260073260073,0.0
1781174232.8316386,-0.0073260073260073,0.0
1781174232.8417933,-0.0073260073260073,0.0
1781174232.8519225,-0.0073260073260073,0.0
1781174232.8620439,-0.0073260073260073,0.0
1781174232.8721433,-0.0073260073260073,0.0
1781174232.8822694,-0.0073260073260073,0.0
1781174232.892401,-0.0073260073260073,0.0
1781174232.9025526,-0.0073260073260073,0.0
1781174232.9126942,-0.0073260073260073,0.0
1781174232.9228065,-0.0073260073260073,0.0
1781174232.9329216,-0.0073260073260073,0.0
1781174232.943025,-0.0073260073260073,0.0
1781174232.9531398,-0.0073260073260073,0.0
1781174232.963265,-0.0073260073260073,0.0
1781174232.9733717,-0.0073260073260073,0.0
1781174232.9835205,-0.0073260073260073,0.0
1781174232.9936519,-0.0073260073260073,0.0
1781174233.0037746,-0.0073260073260073,0.0
1781174233.0138986,-0.0073260073260073,0.0
1781174233.0240066,-0.0073260073260073,0.0
1781174233.0341196,-0.0073260073260073,0.0
1781174233.0442338,-0.0073260073260073,0.0
1781174233.0543602,-0.0073260073260073,0.0
1781174233.064501,-0.0073260073260073,0.0
1781174233.0746257,-0.0073260073260073,0.0
1781174233.0847616,-0.0073260073260073,0.0
1781174233.0948956,-0.0073260073260073,0.0
1781174233.1050448,-0.0073260073260073,0.0
1781174233.115164,-0.0073260073260073,0.0
1781174233.1252847,-0.0073260073260073,0.0
1781174233.1354125,-0.0073260073260073,0.0
1781174233.1455429,-0.0073260073260073,0.0
1781174233.1556492,-0.0073260073260073,0.0
1781174233.1657748,-0.0073260073260073,0.0
1781174233.1758962,-0.0073260073260073,0.0
1781174233.1860344,-0.0073260073260073,0.0
1781174233.1961737,-0.0073260073260073,0.0
1781174233.2062867,-0.0073260073260073,0.0
1781174233.2164347,-0.0073260073260073,0.0
1781174233.22655,-0.0073260073260073,0.0
1781174233.2366848,-0.0073260073260073,0.0
1781174233.2467933,-0.0073260073260073,0.0
1781174233.2569017,-0.0073260073260073,0.0
1781174233.2670398,-0.0073260073260073,0.0
1781174233.2771852,-0.0073260073260073,0.0
1781174233.287303,-0.0073260073260073,0.0
1781174233.2974813,-0.0073260073260073,0.0
1781174233.3076406,-0.0073260073260073,0.0
1781174233.3178105,-0.0073260073260073,0.0
1781174233.3279648,-0.0073260073260073,0.0
1781174233.3381054,-0.0073260073260073,0.0
1781174233.3482687,-0.0073260073260073,0.0
1781174233.3584292,-0.0073260073260073,0.0
1781174233.3686655,-0.0073260073260073,0.0
1781174233.378769,-0.0073260073260073,0.0
1781174233.3889387,-0.0073260073260073,0.0
1781174233.3991578,-0.0073260073260073,0.0
1781174233.4093912,-0.0073260073260073,0.0
1781174233.4194992,-0.0073260073260073,0.0
1781174233.4297144,-0.0073260073260073,0.0
1781174233.439915,-0.0073260073260073,0.0
1781174233.4500976,-0.0073260073260073,0.0
1781174233.4603417,-0.0073260073260073,0.0
1781174233.4705596,-0.0073260073260073,0.0
1781174233.4806638,-0.0073260073260073,0.0
1781174233.4908671,-0.0073260073260073,0.0
1781174233.501073,-0.0073260073260073,0.0
1781174233.5112872,-0.0073260073260073,0.0
1781174233.5213969,-0.0073260073260073,0.0
1781174233.531617,-0.0073260073260073,0.0
1781174233.5418959,-0.0073260073260073,0.0
1781174233.5520945,-0.0073260073260073,0.0
1781174233.5623436,-0.0073260073260073,0.0
1781174233.5725718,-0.0073260073260073,0.0
1781174233.5828443,-0.0073260073260073,0.0
1781174233.5930724,-0.0073260073260073,0.0
1781174233.6032941,-0.0073260073260073,0.0
1781174233.6134262,-0.0073260073260073,0.0
1781174233.6236339,-0.0073260073260073,0.0
1781174233.6337473,-0.0073260073260073,0.0
1781174233.6439419,-0.0073260073260073,0.0
1781174233.654223,-0.0073260073260073,0.0
1781174233.6643739,-0.0073260073260073,0.0
1781174233.6744835,-0.0073260073260073,0.0
1781174233.684589,-0.0073260073260073,0.0
1781174233.6946945,-0.0073260073260073,0.0
1781174233.704868,-0.0073260073260073,0.0
1781174233.715064,-0.0073260073260073,0.0
1781174233.725276,-0.0073260073260073,0.0
1781174233.7354171,-0.0073260073260073,0.0
1781174233.7456284,-0.0073260073260073,0.0
1781174233.7558417,-0.0073260073260073,0.0
1781174233.7660182,-0.0073260073260073,0.0
1781174233.7762449,-0.0073260073260073,0.0
1781174233.786452,-0.0073260073260073,0.0
1781174233.7967,-0.0073260073260073,0.0
1781174233.8069065,-0.0073260073260073,0.0
1781174233.817157,-0.0073260073260073,0.0
1781174233.8273463,-0.0073260073260073,0.0
1781174233.8375735,-0.0073260073260073,0.0
1781174233.8476825,-0.0073260073260073,0.0
1781174233.857888,-0.0073260073260073,0.0
1781174233.868101,-0.0073260073260073,0.0
1781174233.8784094,-0.0073260073260073,0.0
1781174233.8885314,-0.0073260073260073,0.0
1781174233.8986342,-0.0073260073260073,0.0
1781174233.9087389,-0.0073260073260073,0.0
1781174233.918933,-0.0073260073260073,0.0
1781174233.9291549,-0.0073260073260073,0.0
1781174233.9394107,-0.0073260073260073,0.0
1781174233.9495213,-0.0073260073260073,0.0
1781174233.9596267,-0.0073260073260073,0.0
1781174233.9698243,-0.0073260073260073,0.0
1781174233.9800537,-0.0073260073260073,0.0
1781174233.9902291,-0.0073260073260073,0.0
1781174234.0004375,-0.0073260073260073,0.0
1781174234.0105464,-0.0073260073260073,0.0
1781174234.0207553,-0.0073260073260073,0.0
1781174234.0309796,-0.0073260073260073,0.0
1781174234.0411482,-0.0073260073260073,0.0
1781174234.0513594,-0.0073260073260073,0.0
1781174234.0615888,-0.0073260073260073,0.0
1781174234.0717027,-0.0073260073260073,0.0
1781174234.0818658,-0.0073260073260073,0.0
1781174234.0920918,-0.0073260073260073,0.0
1781174234.1023586,-0.0073260073260073,0.0
1781174234.1124942,-0.0073260073260073,0.0
1781174234.1226997,-0.0073260073260073,0.0
1781174234.132909,-0.0073260073260073,0.0
1781174234.1431303,-0.0073260073260073,0.0
1781174234.1533396,-0.0073260073260073,0.0
1781174234.1634612,-0.0073260073260073,0.0
1781174234.1736622,-0.0073260073260073,0.0
1781174234.18386,-0.0073260073260073,0.0
1781174234.194105,-0.0073260073260073,0.0
1781174234.2043624,-0.0073260073260073,0.0
1781174234.2145596,-0.0073260073260073,0.0
1781174234.2247553,-0.0073260073260073,0.0
1781174234.2349656,-0.0073260073260073,0.0
1781174234.2451396,-0.0073260073260073,0.0
1781174234.2553449,-0.0073260073260073,0.0
1781174234.265588,-0.0073260073260073,0.0
1781174234.2756925,-0.0073260073260073,0.0
1781174234.2858973,-0.0073260073260073,0.0
1781174234.2961216,-0.0073260073260073,0.0
1781174234.3064158,-0.0073260073260073,0.0
1781174234.3165696,-0.0073260073260073,0.0
1781174234.326729,-0.0073260073260073,0.0
1781174234.3368416,-0.0073260073260073,0.0
1781174234.3470573,-0.0073260073260073,0.0
1781174234.357292,-0.0073260073260073,0.0
1781174234.3674104,-0.0073260073260073,0.0
1781174234.3775156,-0.0073260073260073,0.0
1781174234.3876188,-0.0073260073260073,0.0
1781174234.39773,-0.0073260073260073,0.0
1781174234.4079027,-0.0073260073260073,0.0
1781174234.4181335,-0.0073260073260073,0.0
1781174234.428388,-0.0073260073260073,0.0
1781174234.4386024,-0.0073260073260073,0.0
1781174234.4487183,-0.0073260073260073,0.0
1781174234.4588559,-0.0073260073260073,0.0
1781174234.4691112,-0.0073260073260073,0.0
1781174234.4794123,-0.0073260073260073,0.0
1781174234.489533,-0.0073260073260073,0.0
1781174234.4996703,-0.0073260073260073,0.0
1781174234.509777,-0.0073260073260073,0.0
1781174234.5199735,-0.0073260073260073,0.0
1781174234.530162,-0.0073260073260073,0.0
1781174234.5403788,-0.0073260073260073,0.0
1781174234.550624,-0.0073260073260073,0.0
1781174234.5607417,-0.0073260073260073,0.0
1781174234.5710027,-0.0073260073260073,0.0
1781174234.5812705,-0.0073260073260073,0.0
1781174234.5914018,-0.0073260073260073,0.0
1781174234.6015725,-0.0073260073260073,0.0
1781174234.6117487,-0.0073260073260073,0.0
1781174234.6219208,-0.0073260073260073,0.0
1781174234.6320438,-0.0073260073260073,0.0
1781174234.6422932,-0.0073260073260073,0.0
1781174234.6524272,-0.0073260073260073,0.0
1781174234.662564,-0.0073260073260073,0.0
1781174234.672665,-0.0073260073260073,0.0
1781174234.6827693,-0.0073260073260073,0.0
1781174234.6930087,-0.0073260073260073,0.0
1781174234.7032104,-0.0073260073260073,0.0
1781174234.7134233,-0.0073260073260073,0.0
1781174234.7235475,-0.0073260073260073,0.0
1781174234.7336671,-0.0073260073260073,0.0
1781174234.743773,-0.0073260073260073,0.0
1781174234.7538757,-0.0073260073260073,0.0
1781174234.763971,-0.0073260073260073,0.0
1781174234.7741072,-0.0073260073260073,0.0
1781174234.7842805,-0.0073260073260073,0.0
1781174234.794374,-0.0073260073260073,0.0
1781174234.8044908,-0.0073260073260073,0.0
1781174234.8146763,-0.0073260073260073,0.0
1781174234.824801,-0.0073260073260073,0.0
1781174234.8348994,-0.0073260073260073,0.0
1781174234.845028,-0.0073260073260073,0.0
1781174234.8551433,-0.0073260073260073,0.0
1781174234.865283,-0.0073260073260073,0.0
1781174234.8754053,-0.0073260073260073,0.0
1781174234.8855011,-0.0073260073260073,0.0
1781174234.8955991,-0.0073260073260073,0.0
1781174234.9056962,-0.0073260073260073,0.0
1781174234.9157996,-0.0073260073260073,0.0
1781174234.925896,-0.0073260073260073,0.0
1781174234.9360273,-0.0073260073260073,0.0
1781174234.94614,-0.0073260073260073,0.0
1781174234.9562533,-0.0073260073260073,0.0
1781174234.9663577,-0.0073260073260073,0.0
1781174234.976453,-0.0073260073260073,0.0
1781174234.986558,-0.0073260073260073,0.0
1781174234.9966643,-0.0073260073260073,0.0
1781174235.0069394,-0.0073260073260073,0.0
1781174235.0170424,-0.0073260073260073,0.0
1781174235.0272896,-0.0073260073260073,0.0
1781174235.0373917,-0.0073260073260073,0.0
1781174235.0475008,-0.0073260073260073,0.0
1781174235.057635,-0.0073260073260073,0.0
1781174235.0677557,-0.0073260073260073,0.0
1781174235.0778625,-0.0073260073260073,0.0
1781174235.0880837,-0.0073260073260073,0.0
1781174235.098214,-0.0073260073260073,0.0
1781174235.108345,-0.0073260073260073,0.0
1781174235.118451,-0.0073260073260073,0.0
1781174235.1285572,-0.0073260073260073,0.0
1781174235.1386554,-0.0073260073260073,0.0
1781174235.148763,-0.0073260073260073,0.0
1781174235.1591122,-0.0073260073260073,0.0
1781174235.1692455,-0.0073260073260073,0.0
1781174235.1793852,-0.0073260073260073,0.0
1781174235.1895454,-0.0073260073260073,0.0
1781174235.1996896,-0.0073260073260073,0.0
1781174235.2098093,-0.0073260073260073,0.0
1781174235.2199419,-0.0073260073260073,0.0
1781174235.230074,-0.0073260073260073,0.0
1781174235.2402813,-0.0073260073260073,0.0
1781174235.2504554,-0.0073260073260073,0.0
1781174235.260644,-0.0073260073260073,0.0
1781174235.270823,-0.0073260073260073,0.0
1781174235.2809818,-0.0073260073260073,0.0
1781174235.2911396,-0.0073260073260073,0.0
1781174235.3012526,-0.0073260073260073,0.0
1781174235.3126957,-0.0073260073260073,0.0
1781174235.3228168,-0.0073260073260073,0.0
1781174235.3329818,-0.0073260073260073,0.0
1781174235.3432884,-0.0073260073260073,0.0
1781174235.353435,-0.0073260073260073,0.0
1781174235.363578,-0.0073260073260073,0.0
1781174235.3736994,-0.0073260073260073,0.0
1781174235.3837948,-0.0073260073260073,0.0
1781174235.3939264,-0.0073260073260073,0.0
1781174235.4040885,-0.0073260073260073,0.0
1781174235.414189,-0.0073260073260073,0.0
1781174235.4243057,-0.0073260073260073,0.0
1781174235.434422,-0.0073260073260073,0.0
1781174235.4445143,-0.0073260073260073,0.0
1781174235.454661,-0.0073260073260073,0.0
1781174235.464755,-0.0073260073260073,0.0
1781174235.4748888,-0.0073260073260073,0.0
1781174235.4850216,-0.0073260073260073,0.0
1781174235.4951618,-0.0073260073260073,0.0
1781174235.5052555,-0.0073260073260073,0.0
1781174235.5153508,-0.0073260073260073,0.0
1781174235.525453,-0.0073260073260073,0.0
1781174235.535745,-0.0073260073260073,0.0
1781174235.545872,-0.0073260073260073,0.0
1781174235.5561352,-0.0073260073260073,0.0
1781174235.5662796,-0.0073260073260073,0.0
1781174235.5764132,-0.0073260073260073,0.0
1781174235.5865371,-0.0073260073260073,0.0
1781174235.5966563,-0.0073260073260073,0.0
1781174235.6067924,-0.0073260073260073,0.0
1781174235.6169007,-0.0073260073260073,0.0
1781174235.6270075,-0.0073260073260073,0.0
1781174235.6371522,-0.0073260073260073,0.0
1781174235.6473684,-0.0073260073260073,0.0
1781174235.6576037,-0.0073260073260073,0.0
1781174235.6677518,-0.0073260073260073,0.0
1781174235.677905,-0.0073260073260073,0.0
1781174235.688031,-0.0073260073260073,0.0
1781174235.6981406,-0.0073260073260073,0.0
1781174235.7083662,-0.0073260073260073,0.0
1781174235.7185647,-0.0073260073260073,0.0
1781174235.728783,-0.0073260073260073,0.0
1781174235.7389417,-0.0073260073260073,0.0
1781174235.7491894,-0.0073260073260073,0.0
1781174235.7594643,-0.0073260073260073,0.0
1781174235.7697053,-0.0073260073260073,0.0
1781174235.7799654,-0.0073260073260073,0.0
1781174235.7902582,-0.0073260073260073,0.0
1781174235.8005185,-0.0073260073260073,0.0
1781174235.8108122,-0.0073260073260073,0.0
1781174235.8210876,-0.0073260073260073,0.0
1781174235.8313627,-0.0073260073260073,0.0
1781174235.8414948,-0.0073260073260073,0.0
1781174235.8516598,-0.0073260073260073,0.0
1781174235.861968,-0.0073260073260073,0.0
1781174235.8721201,-0.0073260073260073,0.0
1781174235.8822532,-0.0073260073260073,0.0
1781174235.8923652,-0.0073260073260073,0.0
1781174235.9024787,-0.0073260073260073,0.0
1781174235.912592,-0.0073260073260073,0.0
1781174235.9227057,-0.0073260073260073,0.0
1781174235.9328187,-0.0073260073260073,0.0
1781174235.942952,-0.0073260073260073,0.0
1781174235.9531755,-0.0073260073260073,0.0
1781174235.963282,-0.0073260073260073,0.0
1781174235.973409,-0.0073260073260073,0.0
1781174235.9835405,-0.0073260073260073,0.0
1781174235.993683,-0.0073260073260073,0.0
1781174236.0038157,-0.0073260073260073,0.0
1781174236.0140128,-0.0073260073260073,0.0
1781174236.0242314,-0.0073260073260073,0.0
1781174236.0344522,-0.0073260073260073,0.0
1781174236.0445614,-0.0073260073260073,0.0
1781174236.0546665,-0.0073260073260073,0.0
1781174236.0647702,-0.0073260073260073,0.0
1781174236.0749722,-0.0073260073260073,0.0
1781174236.0851154,-0.0073260073260073,0.0
1781174236.095353,-0.0073260073260073,0.0
1781174236.105458,-0.0073260073260073,0.0
1781174236.115667,-0.0073260073260073,0.0
1781174236.1258986,-0.0073260073260073,0.0
1781174236.1360228,-0.0073260073260073,0.0
1781174236.146321,-0.0073260073260073,0.0
1781174236.156495,-0.0073260073260073,0.0
1781174236.1668487,-0.0073260073260073,0.0
1781174236.1769912,-0.0073260073260073,0.0
1781174236.1871197,-0.0073260073260073,0.0
1781174236.1972308,-0.0073260073260073,0.0
1781174236.2073624,-0.0073260073260073,0.0
1781174236.2174792,-0.0073260073260073,0.0
1781174236.2276204,-0.0073260073260073,0.0
1781174236.237728,-0.0073260073260073,0.0
1781174236.2478328,-0.0073260073260073,0.0
1781174236.2579715,-0.0073260073260073,0.0
1781174236.268084,-0.0073260073260073,0.0
1781174236.2781827,-0.0073260073260073,0.0
1781174236.2882793,-0.0073260073260073,0.0
1781174236.2983966,-0.0073260073260073,0.0
1781174236.3085356,-0.0073260073260073,0.0
1781174236.3186762,-0.0073260073260073,0.0
1781174236.3288038,-0.0073260073260073,0.0
1781174236.33892,-0.0073260073260073,0.0
1781174236.3490574,-0.0073260073260073,0.0
1781174236.3592098,-0.0073260073260073,0.0
1781174236.3694272,-0.0073260073260073,0.0
1781174236.3795464,-0.0073260073260073,0.0
1781174236.3896585,-0.0073260073260073,0.0
1781174236.3997622,-0.0073260073260073,0.0
1781174236.409867,-0.0073260073260073,0.0
1781174236.4199965,-0.0073260073260073,0.0
1781174236.4300926,-0.0073260073260073,0.0
1781174236.4402254,-0.0073260073260073,0.0
1781174236.4503248,-0.0073260073260073,0.0
1781174236.4604294,-0.0073260073260073,0.0
1781174236.4705565,-0.0073260073260073,0.0
1781174236.4806523,-0.0073260073260073,0.0
1781174236.490778,-0.0073260073260073,0.0
1781174236.5012512,-0.0073260073260073,0.0
1781174236.5113459,-0.0073260073260073,0.0
1781174236.521474,-0.0073260073260073,0.0
1781174236.5315697,-0.0073260073260073,0.0
1781174236.5416975,-0.0073260073260073,0.0
1781174236.551797,-0.0073260073260073,0.0
1781174236.5619893,-0.0073260073260073,0.0
1781174236.572111,-0.0073260073260073,0.0
1781174236.58226,-0.0073260073260073,0.0
1781174236.5923746,-0.0073260073260073,0.0
1781174236.6025064,-0.0073260073260073,0.0
1781174236.6126378,-0.0073260073260073,0.0
1781174236.622752,-0.0073260073260073,0.0
1781174236.6328573,-0.0073260073260073,0.0
1781174236.642952,-0.0073260073260073,0.0
1781174236.653081,-0.0073260073260073,0.0
1781174236.6631868,-0.0073260073260073,0.0
1781174236.6732905,-0.0073260073260073,0.0
1781174236.6835103,-0.0073260073260073,0.0
1781174236.6936057,-0.0073260073260073,0.0
1781174236.7037296,-0.0073260073260073,0.0
1781174236.7138386,-0.0073260073260073,0.0
1781174236.7239442,-0.0073260073260073,0.0
1781174236.7340434,-0.0073260073260073,0.0
1781174236.7441475,-0.0073260073260073,0.0
1781174236.7542546,-0.0073260073260073,0.0
1781174236.764352,-0.0073260073260073,0.0
1781174236.7744548,-0.0073260073260073,0.0
1781174236.784552,-0.0073260073260073,0.0
1781174236.794659,-0.0073260073260073,0.0
1781174236.804766,-0.0073260073260073,0.0
1781174236.814879,-0.0073260073260073,0.0
1781174236.8249836,-0.0073260073260073,0.0
1781174236.835077,-0.0073260073260073,0.0
1781174236.8452916,-0.0073260073260073,0.0
1781174236.8553896,-0.0073260073260073,0.0
1781174236.865493,-0.0073260073260073,0.0
1781174236.8755956,-0.0073260073260073,0.0
1781174236.8857093,-0.0073260073260073,0.0
1781174236.895815,-0.0073260073260073,0.0
1781174236.9059215,-0.0073260073260073,0.0
1781174236.9160628,-0.0073260073260073,0.0
1781174236.926159,-0.0073260073260073,0.0
1781174236.9362557,-0.0073260073260073,0.0
1781174236.946376,-0.0073260073260073,0.0
1781174236.956481,-0.0073260073260073,0.0
1781174236.9666183,-0.0073260073260073,0.0
1781174236.9767244,-0.0073260073260073,0.0
1781174236.9868484,-0.0073260073260073,0.0
1781174236.9969425,-0.0073260073260073,0.0
1781174237.0070372,-0.0073260073260073,0.0
1781174237.0171437,-0.0073260073260073,0.0
1781174237.0272498,-0.0073260073260073,0.0
1781174237.0374558,-0.0073260073260073,0.0
1781174237.0476067,-0.0073260073260073,0.0
1781174237.057723,-0.0073260073260073,0.0
1781174237.0678275,-0.0073260073260073,0.0
1781174237.0779347,-0.0073260073260073,0.0
1781174237.088036,-0.0073260073260073,0.0
1781174237.0981283,-0.0073260073260073,0.0
1781174237.1082785,-0.0073260073260073,0.0
1781174237.1184015,-0.0073260073260073,0.0
1781174237.128506,-0.0073260073260073,0.0
1781174237.1385996,-0.0073260073260073,0.0
1781174237.1486945,-0.0073260073260073,0.0
1781174237.1588283,-0.0073260073260073,0.0
1781174237.1689417,-0.0073260073260073,0.0
1781174237.1790764,-0.0073260073260073,0.0
1781174237.1891809,-0.0073260073260073,0.0
1781174237.1993496,-0.0073260073260073,0.0
1781174237.2094543,-0.0073260073260073,0.0
1781174237.2195604,-0.0073260073260073,0.0
1781174237.2296832,-0.0073260073260073,0.0
1781174237.2398114,-0.0073260073260073,0.0
1781174237.2499497,-0.0073260073260073,0.0
1781174237.2600687,-0.0073260073260073,0.0
1781174237.2702293,-0.0073260073260073,0.0
1781174237.2803395,-0.0073260073260073,0.0
1781174237.2904882,-0.0073260073260073,0.0
1781174237.3006089,-0.0073260073260073,0.0
1781174237.3107066,-0.0073260073260073,0.0
1781174237.3208325,-0.0073260073260073,0.0
1781174237.3309348,-0.0073260073260073,0.0
1781174237.3411121,-0.0073260073260073,0.0
1781174237.3522692,-0.0073260073260073,0.0
1781174237.3623865,-0.0073260073260073,0.0
1781174237.3725,-0.0073260073260073,0.0
1781174237.3826063,-0.0073260073260073,0.0
1781174237.3927178,-0.0073260073260073,0.0
1781174237.4029925,-0.0073260073260073,0.0
1781174237.4131432,-0.0073260073260073,0.0
1781174237.4232533,-0.0073260073260073,0.0
1781174237.4334729,-0.0073260073260073,0.0
1781174237.4435709,-0.0073260073260073,0.0
1781174237.4536784,-0.0073260073260073,0.0
1781174237.4637814,-0.0073260073260073,0.0
1781174237.4738872,-0.0073260073260073,0.0
1781174237.4839954,-0.0073260073260073,0.0
1781174237.4942162,-0.0073260073260073,0.0
1781174237.5043223,-0.0073260073260073,0.0
1781174237.5144272,-0.0073260073260073,0.0
1781174237.524528,-0.0073260073260073,0.0
1781174237.5346363,-0.0073260073260073,0.0
1781174237.544743,-0.0073260073260073,0.0
1781174237.5549374,-0.0073260073260073,0.0
1781174237.565085,-0.0073260073260073,0.0
1781174237.575249,-0.0073260073260073,0.0
1781174237.58536,-0.0073260073260073,0.0
1781174237.595499,-0.0073260073260073,0.0
1781174237.605622,-0.0073260073260073,0.0
1781174237.6157372,-0.0073260073260073,0.0
1781174237.6258802,-0.0073260073260073,0.0
1781174237.6360192,-0.0073260073260073,0.0
1781174237.6461697,-0.0073260073260073,0.0
1781174237.6562917,-0.0073260073260073,0.0
1781174237.6664515,-0.0073260073260073,0.0
1781174237.6765707,-0.0073260073260073,0.0
1781174237.6866782,-0.0073260073260073,0.0
1781174237.6967788,-0.0073260073260073,0.0
1781174237.706886,-0.0073260073260073,0.0
1781174237.716986,-0.0073260073260073,0.0
1781174237.7272165,-0.0073260073260073,0.0
1781174237.7373192,-0.0073260073260073,0.0
1781174237.747419,-0.0073260073260073,0.0
1781174237.7575428,-0.0073260073260073,0.0
1781174237.7678216,-0.0073260073260073,0.0
1781174237.7779202,-0.0073260073260073,0.0
1781174237.7880218,-0.0073260073260073,0.0
1781174237.7981417,-0.0073260073260073,0.0
1781174237.8082762,-0.0073260073260073,0.0
1781174237.8184044,-0.0073260073260073,0.0
1781174237.828551,-0.0073260073260073,0.0
1781174237.8386688,-0.0073260073260073,0.0
1781174237.8487794,-0.0073260073260073,0.0
1781174237.8588805,-0.0073260073260073,0.0
1781174237.8690028,-0.0073260073260073,0.0
1781174237.8791273,-0.0073260073260073,0.0
1781174237.8892565,-0.0073260073260073,0.0
1781174237.8994873,-0.0073260073260073,0.0
1781174237.909657,-0.0073260073260073,0.0
1781174237.9203088,-0.0073260073260073,0.0
1781174237.9304338,-0.0073260073260073,0.0
1781174237.9405775,-0.0073260073260073,0.0
1781174237.9507577,-0.0073260073260073,0.0
1781174237.9608853,-0.0073260073260073,0.0
1781174237.9709966,-0.0073260073260073,0.0
1781174237.9812562,-0.0073260073260073,0.0
1781174237.9913802,-0.0073260073260073,0.0
1781174238.0014884,-0.0073260073260073,0.0
1781174238.0116265,-0.0073260073260073,0.0
1781174238.021787,-0.0073260073260073,0.0
1781174238.0319433,-0.0073260073260073,0.0
1781174238.0421038,-0.0073260073260073,0.0
1781174238.052286,-0.0073260073260073,0.0
1781174238.062465,-0.0073260073260073,0.0
1781174238.0726073,-0.0073260073260073,0.0
1781174238.0827787,-0.0073260073260073,0.0
1781174238.0929575,-0.0073260073260073,0.0
1781174238.1031148,-0.0073260073260073,0.0
1781174238.1132505,-0.0073260073260073,0.0
1781174238.123454,-0.0073260073260073,0.0
1781174238.1336186,-0.0073260073260073,0.0
1781174238.1438274,-0.0073260073260073,0.0
1781174238.1539838,-0.0073260073260073,0.0
1781174238.1641395,-0.0073260073260073,0.0
1781174238.1742864,-0.0073260073260073,0.0
1781174238.1844857,-0.0073260073260073,0.0
1781174238.1946628,-0.0073260073260073,0.0
1781174238.204822,-0.0073260073260073,0.0
1781174238.215005,-0.0073260073260073,0.0
1781174238.2252884,-0.0073260073260073,0.0
1781174238.235447,-0.0073260073260073,0.0
1781174238.2456334,-0.0073260073260073,0.0
1781174238.25579,-0.0073260073260073,0.0
1781174238.2659454,-0.0073260073260073,0.0
1781174238.2760909,-0.0073260073260073,0.0
1781174238.2862887,-0.0073260073260073,0.0
1781174238.2964854,-0.0073260073260073,0.0
1781174238.3066432,-0.0073260073260073,0.0
1781174238.3168192,-0.0073260073260073,0.0
1781174238.3270166,-0.0073260073260073,0.0
1781174238.3372118,-0.0073260073260073,0.0
1781174238.347409,-0.0073260073260073,0.0
1781174238.35758,-0.0073260073260073,0.0
1781174238.3677368,-0.0073260073260073,0.0
1781174238.377921,-0.0073260073260073,0.0
1781174238.3880768,-0.0073260073260073,0.0
1781174238.3982646,-0.0073260073260073,0.0
1781174238.4084373,-0.0073260073260073,0.0
1781174238.4186463,-0.0073260073260073,0.0
1781174238.428847,-0.0073260073260073,0.0
1781174238.439028,-0.0073260073260073,0.0
1781174238.4492168,-0.0073260073260073,0.0
1781174238.459402,-0.0073260073260073,0.0
1781174238.4695592,-0.0073260073260073,0.0
1781174238.479709,-0.0073260073260073,0.0
1781174238.4898646,-0.0073260073260073,0.0
1781174238.5000465,-0.0073260073260073,0.0
1781174238.510249,-0.0073260073260073,0.0
1781174238.52043,-0.0073260073260073,0.0
1781174238.5306005,-0.0073260073260073,0.0
1781174238.5407333,-0.0073260073260073,0.0
1781174238.5509396,-0.0073260073260073,0.0
1781174238.5610745,-0.0073260073260073,0.0
1781174238.5712357,-0.0073260073260073,0.0
1781174238.5814667,-0.0073260073260073,0.0
1781174238.591711,-0.0073260073260073,0.0
1781174238.6018822,-0.0073260073260073,0.0
1781174238.61207,-0.0073260073260073,0.0
1781174238.6223178,-0.0073260073260073,0.0
1781174238.6324441,-0.0073260073260073,0.0
1781174238.6426554,-0.0073260073260073,0.0
1781174238.6528013,-0.0073260073260073,0.0
1781174238.6629732,-0.0073260073260073,0.0
1781174238.673133,-0.0073260073260073,0.0
1781174238.6832516,-0.0073260073260073,0.0
1781174238.6934006,-0.0073260073260073,0.0
1781174238.7035587,-0.0073260073260073,0.0
1781174238.7137215,-0.0073260073260073,0.0
1781174238.7239044,-0.0073260073260073,0.0
1781174238.7340887,-0.0073260073260073,0.0
1781174238.7442577,-0.0073260073260073,0.0
1781174238.7544537,-0.0073260073260073,0.0
1781174238.764604,-0.0073260073260073,0.0
1781174238.7747784,-0.0073260073260073,0.0
1781174238.784949,-0.0073260073260073,0.0
1781174238.7951055,-0.0073260073260073,0.0
1781174238.8052626,-0.0073260073260073,0.0
1781174238.815437,-0.0073260073260073,0.0
1781174238.8255987,-0.0073260073260073,0.0
1781174238.8358154,-0.0073260073260073,0.0
1781174238.84597,-0.0073260073260073,0.0
1781174238.856142,-0.0073260073260073,0.0
1781174238.8662875,-0.0073260073260073,0.0
1781174238.87647,-0.0073260073260073,0.0
1781174238.8866153,-0.0073260073260073,0.0
1781174238.8967643,-0.0073260073260073,0.0
1781174238.9069023,-0.0073260073260073,0.0
1781174238.9170516,-0.0073260073260073,0.0
1781174238.927214,-0.0073260073260073,0.0
1781174238.9374099,-0.0073260073260073,0.0
1781174238.9475727,-0.0073260073260073,0.0
1781174238.9577534,-0.0073260073260073,0.0
1781174238.9679687,-0.0073260073260073,0.0
1781174238.978135,-0.0073260073260073,0.0
1781174238.9882798,-0.0073260073260073,0.0
1781174238.9984536,-0.0073260073260073,0.0
1781174239.008677,-0.0073260073260073,0.0
1781174239.0187778,-0.0073260073260073,0.0
1781174239.0288823,-0.0073260073260073,0.0
1781174239.0389967,-0.0073260073260073,0.0
1781174239.0492082,-0.0073260073260073,0.0
1781174239.0593095,-0.0073260073260073,0.0
1781174239.0694067,-0.0073260073260073,0.0
1781174239.0795343,-0.0073260073260073,0.0
1781174239.08966,-0.0073260073260073,0.0
1781174239.0997665,-0.0073260073260073,0.0
1781174239.109881,-0.0073260073260073,0.0
1781174239.11996,-0.0073260073260073,0.0
1781174239.1300726,-0.0073260073260073,0.0
1781174239.1401792,-0.0073260073260073,0.0
1781174239.150268,-0.0073260073260073,0.0
1781174239.160366,-0.0073260073260073,0.0
1781174239.1704726,-0.0073260073260073,0.0
1781174239.180571,-0.0073260073260073,0.0
1781174239.1906946,-0.0073260073260073,0.0
1781174239.2008297,-0.0073260073260073,0.0
1781174239.2109358,-0.0073260073260073,0.0
1781174239.2210414,-0.0073260073260073,0.0
1781174239.2311406,-0.0073260073260073,0.0
1781174239.241251,-0.0073260073260073,0.0
1781174239.2515752,-0.0073260073260073,0.0
1781174239.261832,-0.0073260073260073,0.0
1781174239.2720733,-0.0073260073260073,0.0
1781174239.2823222,-0.0073260073260073,0.0
1781174239.292571,-0.0073260073260073,0.0
1781174239.3028014,-0.0073260073260073,0.0
1781174239.3130445,-0.0073260073260073,0.0
1781174239.3232799,-0.0073260073260073,0.0
1781174239.3335512,-0.0073260073260073,0.0
1781174239.3438208,-0.0073260073260073,0.0
1781174239.3540556,-0.0073260073260073,0.0
1781174239.364301,-0.0073260073260073,0.0
1781174239.3745801,-0.0073260073260073,0.0
1781174239.3848233,-0.0073260073260073,0.0
1781174239.3950777,-0.0073260073260073,0.0
1781174239.4053059,-0.0073260073260073,0.0
1781174239.415582,-0.0073260073260073,0.0
1781174239.425823,-0.0073260073260073,0.0
1781174239.4360435,-0.0073260073260073,0.0
1781174239.4462857,-0.0073260073260073,0.0
1781174239.4564998,-0.0073260073260073,0.0
1781174239.4667568,-0.0073260073260073,0.0
1781174239.4769995,-0.0073260073260073,0.0
1781174239.487232,-0.0073260073260073,0.0
1781174239.4973593,-0.0073260073260073,0.0
1781174239.5075788,-0.0073260073260073,0.0
1781174239.5178235,-0.0073260073260073,0.0
1781174239.5280802,-0.0073260073260073,0.0
1781174239.538281,-0.0073260073260073,0.0
1781174239.5485094,-0.0073260073260073,0.0
1781174239.558658,-0.0073260073260073,0.0
1781174239.5688617,-0.0073260073260073,0.0
1781174239.5791059,-0.0073260073260073,0.0
1781174239.589329,-0.0073260073260073,0.0
1781174239.5995333,-0.0073260073260073,0.0
1781174239.6096811,-0.0073260073260073,0.0
1781174239.6198866,-0.0073260073260073,0.0
1781174239.6301389,-0.0073260073260073,0.0
1781174239.6403532,-0.0073260073260073,0.0
1781174239.650503,-0.0073260073260073,0.0
1781174239.6606112,-0.0073260073260073,0.0
1781174239.6707065,-0.0073260073260073,0.0
1781174239.680938,-0.0073260073260073,0.0
1781174239.6911345,-0.0073260073260073,0.0
1781174239.7015536,-0.0073260073260073,0.0
1781174239.7117093,-0.0073260073260073,0.0
1781174239.7219517,-0.0073260073260073,0.0
1781174239.7321336,-0.0073260073260073,0.0
1781174239.742309,-0.0073260073260073,0.0
1781174239.7524345,-0.0073260073260073,0.0
1781174239.7625399,-0.0073260073260073,0.0
1781174239.772642,-0.0073260073260073,0.0
1781174239.7827451,-0.0073260073260073,0.0
1781174239.792991,-0.0073260073260073,0.0
1781174239.8032115,-0.0073260073260073,0.0
1781174239.8134096,-0.0073260073260073,0.0
1781174239.823543,-0.0073260073260073,0.0
1781174239.8336656,-0.0073260073260073,0.0
1781174239.8437748,-0.0073260073260073,0.0
1781174239.8539867,-0.0073260073260073,0.0
1781174239.864221,-0.0073260073260073,0.0
1781174239.8744426,-0.0073260073260073,0.0
1781174239.8845701,-0.0073260073260073,0.0
1781174239.8946822,-0.0073260073260073,0.0
1781174239.9048162,-0.0073260073260073,0.0
1781174239.9150314,-0.0073260073260073,0.0
1781174239.9252956,-0.0073260073260073,0.0
1781174239.9354203,-0.0073260073260073,0.0
1781174239.9455242,-0.0073260073260073,0.0
1781174239.955627,-0.0073260073260073,0.0
1781174239.9657655,-0.0073260073260073,0.0
1781174239.9759383,-0.0073260073260073,0.0
1781174239.9861758,-0.0073260073260073,0.0
1781174239.9963975,-0.0073260073260073,0.0
1781174240.0065153,-0.0073260073260073,0.0
1781174240.0166183,-0.0073260073260073,0.0
1781174240.026846,-0.0073260073260073,0.0
1781174240.0370731,-0.0073260073260073,0.0
1781174240.047311,-0.0073260073260073,0.0
1781174240.0574517,-0.0073260073260073,0.0
1781174240.0677505,-0.0073260073260073,0.0
1781174240.0779712,-0.0073260073260073,0.0
1781174240.0882533,-0.0073260073260073,0.0
1781174240.0983582,-0.0073260073260073,0.0
1781174240.1084929,-0.0073260073260073,0.0
1781174240.1186228,-0.0073260073260073,0.0
1781174240.1288483,-0.0073260073260073,0.0
1781174240.138952,-0.0073260073260073,0.0
1781174240.1491807,-0.0073260073260073,0.0
1781174240.1592684,-0.0073260073260073,0.0
1781174240.1694021,-0.0073260073260073,0.0
1781174240.1795485,-0.0073260073260073,0.0
1781174240.1896553,-0.0073260073260073,0.0
1781174240.1997626,-0.0073260073260073,0.0
1781174240.209857,-0.0073260073260073,0.0
1781174240.2199607,-0.0073260073260073,0.0
1781174240.230061,-0.0073260073260073,0.0
1781174240.2401612,-0.0073260073260073,0.0
1781174240.250269,-0.0073260073260073,0.0
1781174240.26042,-0.0073260073260073,0.0
1781174240.2705305,-0.0073260073260073,0.0
1781174240.2806253,-0.0073260073260073,0.0
1781174240.2907188,-0.0073260073260073,0.0
1781174240.3009064,-0.0073260073260073,0.0
1781174240.3110042,-0.0073260073260073,0.0
1781174240.3211126,-0.0073260073260073,0.0
1781174240.33123,-0.0073260073260073,0.0
1781174240.341329,-0.0073260073260073,0.0
1781174240.3514352,-0.0073260073260073,0.0
1781174240.361607,-0.0073260073260073,0.0
1781174240.371756,-0.0073260073260073,0.0
1781174240.381919,-0.0073260073260073,0.0
1781174240.3920245,-0.0073260073260073,0.0
1781174240.4021244,-0.0073260073260073,0.0
1781174240.412247,-0.0073260073260073,0.0
1781174240.4223564,-0.0073260073260073,0.0
1781174240.432541,-0.0073260073260073,0.0
1781174240.4427373,-0.0073260073260073,0.0
1781174240.452856,-0.0073260073260073,0.0
1781174240.4629622,-0.0073260073260073,0.0
1781174240.473206,-0.0073260073260073,0.0
1781174240.483361,-0.0073260073260073,0.0
1781174240.4934769,-0.0073260073260073,0.0
1781174240.5036774,-0.0073260073260073,0.0
1781174240.5137937,-0.0073260073260073,0.0
1781174240.5240078,-0.0073260073260073,0.0
1781174240.5341208,-0.0073260073260073,0.0
1781174240.5442312,-0.0073260073260073,0.0
1781174240.5543523,-0.0073260073260073,0.0
1781174240.564494,-0.0073260073260073,0.0
1781174240.5746353,-0.0073260073260073,0.0
1781174240.5847785,-0.0073260073260073,0.0
1781174240.5949087,-0.0073260073260073,0.0
1781174240.6051097,-0.0073260073260073,0.0
1781174240.6152215,-0.0073260073260073,0.0
1781174240.6253688,-0.0073260073260073,0.0
1781174240.6355057,-0.0073260073260073,0.0
1781174240.6456234,-0.0073260073260073,0.0
1781174240.6557279,-0.0073260073260073,0.0
1781174240.6658401,-0.0073260073260073,0.0
1781174240.67598,-0.0073260073260073,0.0
1781174240.6862488,-0.0073260073260073,0.0
1781174240.6963668,-0.0073260073260073,0.0
1781174240.7064636,-0.0073260073260073,0.0
1781174240.716568,-0.0073260073260073,0.0
1781174240.7266731,-0.0073260073260073,0.0
1781174240.736781,-0.0073260073260073,0.0
1781174240.746883,-0.0073260073260073,0.0
1781174240.7569866,-0.0073260073260073,0.0
1781174240.7671058,-0.0073260073260073,0.0
1781174240.7772353,-0.0073260073260073,0.0
1781174240.7873628,-0.0073260073260073,0.0
1781174240.79747,-0.0073260073260073,0.0
1781174240.807592,-0.0073260073260073,0.0
1781174240.8177083,-0.0073260073260073,0.0
1781174240.8278103,-0.0073260073260073,0.0
1781174240.8379197,-0.0073260073260073,0.0
1781174240.8480272,-0.0073260073260073,0.0
1781174240.8581676,-0.0073260073260073,0.0
1781174240.8682666,-0.0073260073260073,0.0
1781174240.8784688,-0.0073260073260073,0.0
1781174240.8885913,-0.0073260073260073,0.0
1781174240.8986895,-0.0073260073260073,0.0
1781174240.9088197,-0.0073260073260073,0.0
1781174240.918931,-0.0073260073260073,0.0
1781174240.9291086,-0.0073260073260073,0.0
1781174240.9392953,-0.0073260073260073,0.0
1781174240.9494092,-0.0073260073260073,0.0
1781174240.9595294,-0.0073260073260073,0.0
1781174240.9696367,-0.0073260073260073,0.0
1781174240.9797812,-0.0073260073260073,0.0
1781174240.9899101,-0.0073260073260073,0.0
1781174241.0000374,-0.0073260073260073,0.0
1781174241.0101466,-0.0073260073260073,0.0
1781174241.0202703,-0.0073260073260073,0.0
1781174241.0303843,-0.0073260073260073,0.0
1781174241.0405035,-0.0073260073260073,0.0
1781174241.0506198,-0.0073260073260073,0.0
1781174241.060821,-0.0073260073260073,0.0
1781174241.070943,-0.0073260073260073,0.0
1781174241.081058,-0.0073260073260073,0.0
1781174241.0912015,-0.0073260073260073,0.0
1781174241.1013062,-0.0073260073260073,0.0
1781174241.1114268,-0.0073260073260073,0.0
1781174241.12155,-0.0073260073260073,0.0
1781174241.1316803,-0.0073260073260073,0.0
1781174241.1417897,-0.0073260073260073,0.0
1781174241.151892,-0.0073260073260073,0.0
1781174241.1620245,-0.0073260073260073,0.0
1781174241.1721282,-0.0073260073260073,0.0
1781174241.1822329,-0.0073260073260073,0.0
1781174241.1923368,-0.0073260073260073,0.0
1781174241.2024646,-0.0073260073260073,0.0
1781174241.2125785,-0.0073260073260073,0.0
1781174241.2227879,-0.0073260073260073,0.0
1781174241.2330916,-0.0073260073260073,0.0
1781174241.2433074,-0.0073260073260073,0.0
1781174241.2534256,-0.0073260073260073,0.0
1781174241.2636573,-0.0073260073260073,0.0
1781174241.2737563,-0.0073260073260073,0.0
1781174241.2838593,-0.0073260073260073,0.0
1781174241.2939572,-0.0073260073260073,0.0
1781174241.3040533,-0.0073260073260073,0.0
1781174241.3141503,-0.0073260073260073,0.0
1781174241.324297,-0.0073260073260073,0.0
1781174241.3343945,-0.0073260073260073,0.0
1781174241.3444977,-0.0073260073260073,0.0
1781174241.3546014,-0.0073260073260073,0.0
1781174241.3647103,-0.0073260073260073,0.0
1781174241.3748436,-0.0073260073260073,0.0
1781174241.3849444,-0.0073260073260073,0.0
1781174241.3950608,-0.0073260073260073,0.0
1781174241.4052598,-0.0073260073260073,0.0
1781174241.4153543,-0.0073260073260073,0.0
1781174241.425457,-0.0073260073260073,0.0
1781174241.4356327,-0.0073260073260073,0.0
1781174241.445767,-0.0073260073260073,0.0
1781174241.4559095,-0.0073260073260073,0.0
1781174241.466043,-0.0073260073260073,0.0
1781174241.4761684,-0.0073260073260073,0.0
1781174241.4862895,-0.0073260073260073,0.0
1781174241.4964101,-0.0073260073260073,0.0
1781174241.5065045,-0.0073260073260073,0.0
1781174241.516642,-0.0073260073260073,0.0
1781174241.526807,-0.0073260073260073,0.0
1781174241.5369022,-0.0073260073260073,0.0
1781174241.5470562,-0.0073260073260073,0.0
1781174241.5571609,-0.0073260073260073,0.0
1781174241.5672548,-0.0073260073260073,0.0
1781174241.5773475,-0.0073260073260073,0.0
1781174241.5874827,-0.0073260073260073,0.0
1781174241.5975971,-0.0073260073260073,0.0
1781174241.6077006,-0.0073260073260073,0.0
1781174241.617801,-0.0073260073260073,0.0
1781174241.6279063,-0.0073260073260073,0.0
1781174241.6380706,-0.0073260073260073,0.0
1781174241.6481678,-0.0073260073260073,0.0
1781174241.65829,-0.0073260073260073,0.0
1781174241.6684086,-0.0073260073260073,0.0
1781174241.6785178,-0.0073260073260073,0.0
1781174241.688622,-0.0073260073260073,0.0
1781174241.698718,-0.0073260073260073,0.0
1781174241.708823,-0.0073260073260073,0.0
1781174241.718928,-0.0073260073260073,0.0
1781174241.7290695,-0.0073260073260073,0.0
1781174241.739191,-0.0073260073260073,0.0
1781174241.7492504,-0.0073260073260073,0.0
1781174241.759352,-0.0073260073260073,0.0
1781174241.769454,-0.0073260073260073,0.0
1781174241.7795699,-0.0073260073260073,0.0
1781174241.7896864,-0.0073260073260073,0.0
1781174241.7997818,-0.0073260073260073,0.0
1781174241.8098779,-0.0073260073260073,0.0
1781174241.8199806,-0.0073260073260073,0.0
1781174241.8300917,-0.0073260073260073,0.0
1781174241.8401947,-0.0073260073260073,0.0
1781174241.8502865,-0.0073260073260073,0.0
1781174241.86041,-0.0073260073260073,0.0
1781174241.8705142,-0.0073260073260073,0.0
1781174241.8806252,-0.0073260073260073,0.0
1781174241.8909044,-0.0073260073260073,0.0
1781174241.90107,-0.0073260073260073,0.0
1781174241.911169,-0.0073260073260073,0.0
1781174241.9212556,-0.0073260073260073,0.0
1781174241.9313693,-0.0073260073260073,0.0
1781174241.9415085,-0.0073260073260073,0.0
1781174241.9516213,-0.0073260073260073,0.0
1781174241.9617338,-0.0073260073260073,0.0
1781174241.9718463,-0.0073260073260073,0.0
1781174241.9819865,-0.0073260073260073,0.0
1781174241.992114,-0.0073260073260073,0.0
1781174242.0022352,-0.0073260073260073,0.0
1781174242.012341,-0.0073260073260073,0.0
1781174242.0224435,-0.0073260073260073,0.0
1781174242.0325446,-0.0073260073260073,0.0
1781174242.0426457,-0.0073260073260073,0.0
1781174242.0527446,-0.0073260073260073,0.0
1781174242.0628455,-0.0073260073260073,0.0
1781174242.0729449,-0.0073260073260073,0.0
1781174242.0830457,-0.0073260073260073,0.0
1781174242.0931497,-0.0073260073260073,0.0
1781174242.103241,-0.0073260073260073,0.0
1781174242.1133254,-0.0073260073260073,0.0
1781174242.1234088,-0.0073260073260073,0.0
1781174242.1335003,-0.0073260073260073,0.0
1781174242.1436093,-0.0073260073260073,0.0
1781174242.153706,-0.0073260073260073,0.0
1781174242.1637983,-0.0073260073260073,0.0
1781174242.1738899,-0.0073260073260073,0.0
1781174242.1839862,-0.0073260073260073,0.0
1781174242.1940928,-0.0073260073260073,0.0
1781174242.2041929,-0.0073260073260073,0.0
1781174242.2142558,-0.0073260073260073,0.0
1781174242.224371,-0.0073260073260073,0.0
1781174242.2344975,-0.0073260073260073,0.0
1781174242.2448142,-0.0073260073260073,0.0
1781174242.2549694,-0.0073260073260073,0.0
1781174242.2650921,-0.0073260073260073,0.0
1781174242.275215,-0.0073260073260073,0.0
1781174242.2853332,-0.0073260073260073,0.0
1781174242.295433,-0.0073260073260073,0.0
1781174242.3057196,-0.0073260073260073,0.0
1781174242.3158197,-0.0073260073260073,0.0
1781174242.325975,-0.0073260073260073,0.0
1781174242.3360806,-0.0073260073260073,0.0
1781174242.3461406,-0.0073260073260073,0.0
1781174242.3562574,-0.0073260073260073,0.0
1781174242.366365,-0.0073260073260073,0.0
1781174242.3764608,-0.0073260073260073,0.0
1781174242.3865573,-0.0073260073260073,0.0
1781174242.3966658,-0.0073260073260073,0.0
1781174242.4067948,-0.0073260073260073,0.0
1781174242.4169044,-0.0073260073260073,0.0
1781174242.4270318,-0.0073260073260073,0.0
1781174242.4371562,-0.0073260073260073,0.0
1781174242.4472787,-0.0073260073260073,0.0
1781174242.4573908,-0.0073260073260073,0.0
1781174242.4674969,-0.0073260073260073,0.0
1781174242.4776254,-0.0073260073260073,0.0
1781174242.4877284,-0.0073260073260073,0.0
1781174242.4978306,-0.0073260073260073,0.0
1781174242.5079715,-0.0073260073260073,0.0
1781174242.5180974,-0.0073260073260073,0.0
1781174242.5282595,-0.0073260073260073,0.0
1781174242.5384088,-0.0073260073260073,0.0
1781174242.5485346,-0.0073260073260073,0.0
1781174242.5586987,-0.0073260073260073,0.0
1781174242.568844,-0.0073260073260073,0.0
1781174242.579004,-0.0073260073260073,0.0
1781174242.5891092,-0.0073260073260073,0.0
1781174242.5992477,-0.0073260073260073,0.0
1781174242.6093588,-0.0073260073260073,0.0
1781174242.6194763,-0.0073260073260073,0.0
1781174242.629604,-0.0073260073260073,0.0
1781174242.6397066,-0.0073260073260073,0.0
1781174242.6498091,-0.0073260073260073,0.0
1781174242.6599147,-0.0073260073260073,0.0
1781174242.6700037,-0.0073260073260073,0.0
1781174242.6802278,-0.0073260073260073,0.0
1781174242.6903353,-0.0073260073260073,0.0
1781174242.7004426,-0.0073260073260073,0.0
1781174242.7105472,-0.0073260073260073,0.0
1781174242.720681,-0.0073260073260073,0.0
1781174242.730811,-0.0073260073260073,0.0
1781174242.7409194,-0.0073260073260073,0.0
1781174242.7510235,-0.0073260073260073,0.0
1781174242.761132,-0.0073260073260073,0.0
1781174242.771233,-0.0073260073260073,0.0
1781174242.781332,-0.0073260073260073,0.0
1781174242.7914453,-0.0073260073260073,0.0
1781174242.8015568,-0.0073260073260073,0.0
1781174242.8116622,-0.0073260073260073,0.0
1781174242.8217683,-0.0073260073260073,0.0
1781174242.8319154,-0.0073260073260073,0.0
1781174242.8420231,-0.0073260073260073,0.0
1781174242.8521345,-0.0073260073260073,0.0
1781174242.8622825,-0.0073260073260073,0.0
1781174242.8724232,-0.0073260073260073,0.0
1781174242.882535,-0.0073260073260073,0.0
1781174242.8926716,-0.0073260073260073,0.0
1781174242.9029543,-0.0073260073260073,0.0
1781174242.913098,-0.0073260073260073,0.0
1781174242.9232116,-0.0073260073260073,0.0
1781174242.9333227,-0.0073260073260073,0.0
1781174242.9434354,-0.0073260073260073,0.0
1781174242.9535365,-0.0073260073260073,0.0
1781174242.963642,-0.0073260073260073,0.0
1781174242.973739,-0.0073260073260073,0.0
1781174242.9838371,-0.0073260073260073,0.0
1781174242.993929,-0.0073260073260073,0.0
1781174243.0040233,-0.0073260073260073,0.0
1781174243.0141308,-0.0073260073260073,0.0
1781174243.0242221,-0.0073260073260073,0.0
1781174243.0343397,-0.0073260073260073,0.0
1781174243.0444558,-0.0073260073260073,0.0
1781174243.0545578,-0.0073260073260073,0.0
1781174243.064644,-0.0073260073260073,0.0
1781174243.0747356,-0.0073260073260073,0.0
1781174243.0848582,-0.0073260073260073,0.0
1781174243.0949762,-0.0073260073260073,0.0
1781174243.1050813,-0.0073260073260073,0.0
1781174243.11518,-0.0073260073260073,0.0
1781174243.1252508,-0.0073260073260073,0.0
1781174243.1353524,-0.0073260073260073,0.0
1781174243.1454701,-0.0073260073260073,0.0
1781174243.1555946,-0.0073260073260073,0.0
1781174243.1657054,-0.0073260073260073,0.0
1781174243.1758385,-0.0073260073260073,0.0
1781174243.1859705,-0.0073260073260073,0.0
1781174243.1960728,-0.0073260073260073,0.0
1781174243.2061732,-0.0073260073260073,0.0
1781174243.2162755,-0.0073260073260073,0.0
1781174243.226403,-0.0073260073260073,0.0
1781174243.2365024,-0.0073260073260073,0.0
1781174243.2466292,-0.0073260073260073,0.0
1781174243.2567284,-0.0073260073260073,0.0
1781174243.2668521,-0.0073260073260073,0.0
1781174243.2769918,-0.0073260073260073,0.0
1781174243.287156,-0.0073260073260073,0.0
1781174243.2972517,-0.0073260073260073,0.0
1781174243.307362,-0.0073260073260073,0.0
1781174243.3174741,-0.0073260073260073,0.0
1781174243.3275871,-0.0073260073260073,0.0
1781174243.3377123,-0.0073260073260073,0.0
1781174243.3478165,-0.0073260073260073,0.0
1781174243.3579059,-0.0073260073260073,0.0
1781174243.3680105,-0.0073260073260073,0.0
1781174243.378248,-0.0073260073260073,0.0
1781174243.3883586,-0.0073260073260073,0.0
1781174243.3985767,-0.0073260073260073,0.0
1781174243.4086776,-0.0073260073260073,0.0
1781174243.4187758,-0.0073260073260073,0.0
1781174243.4288924,-0.0073260073260073,0.0
1781174243.4390175,-0.0073260073260073,0.0
1781174243.4491198,-0.0073260073260073,0.0
1781174243.4592495,-0.0073260073260073,0.0
1781174243.4693696,-0.0073260073260073,0.0
1781174243.4794717,-0.0073260073260073,0.0
1781174243.4895787,-0.0073260073260073,0.0
1781174243.4996886,-0.0073260073260073,0.0
1781174243.509806,-0.0073260073260073,0.0
1781174243.5199106,-0.0073260073260073,0.0
1781174243.5300374,-0.0073260073260073,0.0
1781174243.5401464,-0.0073260073260073,0.0
1781174243.550269,-0.0073260073260073,0.0
1781174243.5604017,-0.0073260073260073,0.0
1781174243.570522,-0.0073260073260073,0.0
1781174243.5806448,-0.0073260073260073,0.0
1781174243.5907633,-0.0073260073260073,0.0
1781174243.600871,-0.0073260073260073,0.0
1781174243.6109722,-0.0073260073260073,0.0
1781174243.6210713,-0.0073260073260073,0.0
1781174243.6311631,-0.0073260073260073,0.0
1781174243.6412523,-0.0073260073260073,0.0
1781174243.6513474,-0.0073260073260073,0.0
1781174243.6614642,-0.0073260073260073,0.0
1781174243.6715913,-0.0073260073260073,0.0
1781174243.681691,-0.0073260073260073,0.0
1781174243.69181,-0.0073260073260073,0.0
1781174243.7019448,-0.0073260073260073,0.0
1781174243.7120433,-0.0073260073260073,0.0
1781174243.7221556,-0.0073260073260073,0.0
1781174243.7322538,-0.0073260073260073,0.0
1781174243.7423136,-0.0073260073260073,0.0
1781174243.7524436,-0.0073260073260073,0.0
1781174243.762589,-0.0073260073260073,0.0
1781174243.7727408,-0.0073260073260073,0.0
1781174243.7828746,-0.0073260073260073,0.0
1781174243.7931118,-0.0073260073260073,0.0
1781174243.8032904,-0.0073260073260073,0.0
1781174243.8134608,-0.0073260073260073,0.0
1781174243.8235652,-0.0073260073260073,0.0
1781174243.8336663,-0.0073260073260073,0.0
1781174243.8439524,-0.0073260073260073,0.0
1781174243.8540606,-0.0073260073260073,0.0
1781174243.864162,-0.0073260073260073,0.0
1781174243.8742666,-0.0073260073260073,0.0
1781174243.8844006,-0.0073260073260073,0.0
1781174243.8945153,-0.0073260073260073,0.0
1781174243.9046326,-0.0073260073260073,0.0
1781174243.9147363,-0.0073260073260073,0.0
1781174243.924851,-0.0073260073260073,0.0
1781174243.9349804,-0.0073260073260073,0.0
1781174243.945096,-0.0073260073260073,0.0
1781174243.9552085,-0.0073260073260073,0.0
1781174243.965382,-0.0073260073260073,0.0
1781174243.9754915,-0.0073260073260073,0.0
1781174243.9856076,-0.0073260073260073,0.0
1781174243.9957519,-0.0073260073260073,0.0
1781174244.0059412,-0.0073260073260073,0.0
1781174244.0160575,-0.0073260073260073,0.0
1781174244.026279,-0.0073260073260073,0.0
1781174244.0363858,-0.0073260073260073,0.0
1781174244.0465496,-0.0073260073260073,0.0
1781174244.0567455,-0.0073260073260073,0.0
1781174244.0669193,-0.0073260073260073,0.0
1781174244.0770676,-0.0073260073260073,0.0
1781174244.0872655,-0.0073260073260073,0.0
1781174244.097428,-0.0073260073260073,0.0
1781174244.1076295,-0.0073260073260073,0.0
1781174244.1177926,-0.0073260073260073,0.0
1781174244.1279445,-0.0073260073260073,0.0
1781174244.1381166,-0.0073260073260073,0.0
1781174244.1483467,-0.0073260073260073,0.0
1781174244.1585238,-0.0073260073260073,0.0
1781174244.1686985,-0.0073260073260073,0.0
1781174244.1788726,-0.0073260073260073,0.0
1781174244.189034,-0.0073260073260073,0.0
1781174244.1992445,-0.0073260073260073,0.0
1781174244.2094564,-0.0073260073260073,0.0
1781174244.2195816,-0.0073260073260073,0.0
1781174244.2297168,-0.0073260073260073,0.0
1781174244.239837,-0.0073260073260073,0.0
1781174244.250059,-0.0073260073260073,0.0
1781174244.2601833,-0.0073260073260073,0.0
1781174244.2704175,-0.0073260073260073,0.0
1781174244.2805228,-0.0073260073260073,0.0
1781174244.29062,-0.0073260073260073,0.0
1781174244.300724,-0.0073260073260073,0.0
1781174244.310828,-0.0073260073260073,0.0
1781174244.32095,-0.0073260073260073,0.0
1781174244.3310585,-0.0073260073260073,0.0
1781174244.341154,-0.0073260073260073,0.0
1781174244.35126,-0.0073260073260073,0.0
1781174244.3614602,-0.0073260073260073,0.0
1781174244.3715672,-0.0073260073260073,0.0
1781174244.3816943,-0.0073260073260073,0.0
1781174244.3918004,-0.0073260073260073,0.0
1781174244.4019287,-0.0073260073260073,0.0
1781174244.4120502,-0.0073260073260073,0.0
1781174244.4221623,-0.0073260073260073,0.0
1781174244.4323668,-0.0073260073260073,0.0
1781174244.4424796,-0.0073260073260073,0.0
1781174244.4525867,-0.0073260073260073,0.0
1781174244.4626913,-0.0073260073260073,0.0
1781174244.4727874,-0.0073260073260073,0.0
1781174244.482891,-0.0073260073260073,0.0
1781174244.4930396,-0.0073260073260073,0.0
1781174244.5032103,-0.0073260073260073,0.0
1781174244.5133567,-0.0073260073260073,0.0
1781174244.5235107,-0.0073260073260073,0.0
1781174244.5336578,-0.0073260073260073,0.0
1781174244.543803,-0.0073260073260073,0.0
1781174244.5539448,-0.0073260073260073,0.0
1781174244.5640879,-0.0073260073260073,0.0
1781174244.5742295,-0.0073260073260073,0.0
1781174244.5843775,-0.0073260073260073,0.0
1781174244.5945373,-0.0073260073260073,0.0
1781174244.6047018,-0.0073260073260073,0.0
1781174244.6148818,-0.0073260073260073,0.0
1781174244.625111,-0.0073260073260073,0.0
1781174244.635285,-0.0073260073260073,0.0
1781174244.6454368,-0.0073260073260073,0.0
1781174244.655579,-0.0073260073260073,0.0
1781174244.6657143,-0.0073260073260073,0.0
1781174244.6758425,-0.0073260073260073,0.0
1781174244.6859865,-0.0073260073260073,0.0
1781174244.6961033,-0.0073260073260073,0.0
1781174244.7061987,-0.0073260073260073,0.0
1781174244.7162602,-0.0073260073260073,0.0
1781174244.7263553,-0.0073260073260073,0.0
1781174244.7364511,-0.0073260073260073,0.0
1781174244.7465549,-0.0073260073260073,0.0
1781174244.7566493,-0.0073260073260073,0.0
1781174244.7667515,-0.0073260073260073,0.0
1781174244.7768586,-0.0073260073260073,0.0
1781174244.786999,-0.0073260073260073,0.0
1781174244.797106,-0.0073260073260073,0.0
1781174244.8071997,-0.0073260073260073,0.0
1781174244.8173065,-0.0073260073260073,0.0
1781174244.827487,-0.0073260073260073,0.0
1781174244.8376422,-0.0073260073260073,0.0
1781174244.8479664,-0.0073260073260073,0.0
1781174244.8580923,-0.0073260073260073,0.0
1781174244.8682008,-0.0073260073260073,0.0
1781174244.8782501,-0.0073260073260073,0.0
1781174244.8883417,-0.0073260073260073,0.0
1781174244.8984509,-0.0073260073260073,0.0
1781174244.9085622,-0.0073260073260073,0.0
1781174244.9186583,-0.0073260073260073,0.0
1781174244.9287722,-0.0073260073260073,0.0
1781174244.938874,-0.0073260073260073,0.0
1781174244.949031,-0.0073260073260073,0.0
1781174244.959126,-0.0073260073260073,0.0
1781174244.9692612,-0.0073260073260073,0.0
1781174244.9794009,-0.0073260073260073,0.0
1781174244.9895186,-0.0073260073260073,0.0
1781174244.9996235,-0.0073260073260073,0.0
1781174245.0097377,-0.0073260073260073,0.0
1781174245.0199268,-0.0073260073260073,0.0
1781174245.0300722,-0.0073260073260073,0.0
1781174245.0401776,-0.0073260073260073,0.0
1781174245.0502973,-0.0073260073260073,0.0
1781174245.060396,-0.0073260073260073,0.0
1781174245.070502,-0.0073260073260073,0.0
1781174245.0806088,-0.0073260073260073,0.0
1781174245.090713,-0.0073260073260073,0.0
1781174245.1008182,-0.0073260073260073,0.0
1781174245.11101,-0.0073260073260073,0.0
1781174245.121115,-0.0073260073260073,0.0
1781174245.1312084,-0.0073260073260073,0.0
1781174245.141329,-0.0073260073260073,0.0
1781174245.1514409,-0.0073260073260073,0.0
1781174245.161576,-0.0073260073260073,0.0
1781174245.1716816,-0.0073260073260073,0.0
1781174245.1819282,-0.0073260073260073,0.0
1781174245.1920369,-0.0073260073260073,0.0
1781174245.2021568,-0.0073260073260073,0.0
1781174245.2122517,-0.0073260073260073,0.0
1781174245.2224095,-0.0073260073260073,0.0
1781174245.2325315,-0.0073260073260073,0.0
1781174245.2426393,-0.0073260073260073,0.0
1781174245.252855,-0.0073260073260073,0.0
1781174245.2629926,-0.0073260073260073,0.0
1781174245.2730968,-0.0073260073260073,0.0
1781174245.283238,-0.0073260073260073,0.0
1781174245.293536,-0.0073260073260073,0.0
1781174245.3036494,-0.0073260073260073,0.0
1781174245.3138602,-0.0073260073260073,0.0
1781174245.3239663,-0.0073260073260073,0.0
1781174245.3340719,-0.0073260073260073,0.0
1781174245.3441815,-0.0073260073260073,0.0
1781174245.3542597,-0.0073260073260073,0.0
1781174245.3643568,-0.0073260073260073,0.0
1781174245.3744614,-0.0073260073260073,0.0
1781174245.3845675,-0.0073260073260073,0.0
1781174245.394804,-0.0073260073260073,0.0
1781174245.4049346,-0.0073260073260073,0.0
1781174245.415031,-0.0073260073260073,0.0
1781174245.4251614,-0.0073260073260073,0.0
1781174245.4352517,-0.0073260073260073,0.0
1781174245.445414,-0.0073260073260073,0.0
1781174245.4555175,-0.0073260073260073,0.0
1781174245.4656103,-0.0073260073260073,0.0
1781174245.475712,-0.0073260073260073,0.0
1781174245.4858074,-0.0073260073260073,0.0
1781174245.495908,-0.0073260073260073,0.0
1781174245.5060093,-0.0073260073260073,0.0
1781174245.5161126,-0.0073260073260073,0.0
1781174245.5262253,-0.0073260073260073,0.0
1781174245.5363255,-0.0073260073260073,0.0
1781174245.5464697,-0.0073260073260073,0.0
1781174245.5566144,-0.0073260073260073,0.0
1781174245.5667644,-0.0073260073260073,0.0
1781174245.576907,-0.0073260073260073,0.0
1781174245.5870004,-0.0073260073260073,0.0
1781174245.5971594,-0.0073260073260073,0.0
1781174245.6073234,-0.0073260073260073,0.0
1781174245.6174371,-0.0073260073260073,0.0
1781174245.627594,-0.0073260073260073,0.0
1781174245.6377475,-0.0073260073260073,0.0
1781174245.647886,-0.0073260073260073,0.0
1781174245.6580129,-0.0073260073260073,0.0
1781174245.668156,-0.0073260073260073,0.0
1781174245.678264,-0.0073260073260073,0.0
1781174245.6884382,-0.0073260073260073,0.0
1781174245.6985905,-0.0073260073260073,0.0
1781174245.7088094,-0.0073260073260073,0.0
1781174245.7189193,-0.0073260073260073,0.0
1781174245.7290251,-0.0073260073260073,0.0
1781174245.7391286,-0.0073260073260073,0.0
1781174245.749232,-0.0073260073260073,0.0
1781174245.759334,-0.0073260073260073,0.0
1781174245.7694345,-0.0073260073260073,0.0
1781174245.779536,-0.0073260073260073,0.0
1781174245.789633,-0.0073260073260073,0.0
1781174245.7997293,-0.0073260073260073,0.0
1781174245.8098254,-0.0073260073260073,0.0
1781174245.8199275,-0.0073260073260073,0.0
1781174245.8300297,-0.0073260073260073,0.0
1781174245.8401282,-0.0073260073260073,0.0
1781174245.850254,-0.0073260073260073,0.0
1781174245.8603618,-0.0073260073260073,0.0
1781174245.8704798,-0.0073260073260073,0.0
1781174245.8805864,-0.0073260073260073,0.0
1781174245.8906848,-0.0073260073260073,0.0
1781174245.900782,-0.0073260073260073,0.0
1781174245.9109085,-0.0073260073260073,0.0
1781174245.9210324,-0.0073260073260073,0.0
1781174245.9311543,-0.0073260073260073,0.0
1781174245.9412508,-0.0073260073260073,0.0
1781174245.9513433,-0.0073260073260073,0.0
1781174245.9614482,-0.0073260073260073,0.0
1781174245.971553,-0.0073260073260073,0.0
1781174245.981649,-0.0073260073260073,0.0
1781174245.9917667,-0.0073260073260073,0.0
1781174246.0019114,-0.0073260073260073,0.0
1781174246.0120225,-0.0073260073260073,0.0
1781174246.0221198,-0.0073260073260073,0.0
1781174246.0322511,-0.0073260073260073,0.0
1781174246.0423832,-0.0073260073260073,0.0
1781174246.0526373,-0.0073260073260073,0.0
1781174246.062737,-0.0073260073260073,0.0
1781174246.072894,-0.0073260073260073,0.0
1781174246.0829952,-0.0073260073260073,0.0
1781174246.0931034,-0.0073260073260073,0.0
1781174246.1031997,-0.0073260073260073,0.0
1781174246.11326,-0.0073260073260073,0.0
1781174246.1233554,-0.0073260073260073,0.0
1781174246.13349,-0.0073260073260073,0.0
1781174246.1435986,-0.0073260073260073,0.0
1781174246.15376,-0.0073260073260073,0.0
1781174246.1638672,-0.0073260073260073,0.0
1781174246.1740677,-0.0073260073260073,0.0
1781174246.1841667,-0.0073260073260073,0.0
1781174246.194253,-0.0073260073260073,0.0
1781174246.2043421,-0.0073260073260073,0.0
1781174246.2144299,-0.0073260073260073,0.0
1781174246.2245214,-0.0073260073260073,0.0
1781174246.2346215,-0.0073260073260073,0.0
1781174246.2447314,-0.0073260073260073,0.0
1781174246.254841,-0.0073260073260073,0.0
1781174246.2649422,-0.0073260073260073,0.0
1781174246.275034,-0.0073260073260073,0.0
1781174246.285121,-0.0073260073260073,0.0
1781174246.2952166,-0.0073260073260073,0.0
1781174246.3053226,-0.0073260073260073,0.0
1781174246.315423,-0.0073260073260073,0.0
1781174246.3255107,-0.0073260073260073,0.0
1781174246.3356392,-0.0073260073260073,0.0
1781174246.3457448,-0.0073260073260073,0.0
1781174246.35594,-0.0073260073260073,0.0
1781174246.3660498,-0.0073260073260073,0.0
1781174246.3783169,-0.0073260073260073,0.0
1781174246.3884876,-0.0073260073260073,0.0
1781174246.3986466,-0.0073260073260073,0.0
1781174246.4088259,-0.0073260073260073,0.0
1781174246.418995,-0.0073260073260073,0.0
1781174246.4292922,-0.0073260073260073,0.0
1781174246.4394112,-0.0073260073260073,0.0
1781174246.4495444,-0.0073260073260073,0.0
1781174246.4596598,-0.0073260073260073,0.0
1781174246.4697993,-0.0073260073260073,0.0
1781174246.4799123,-0.0073260073260073,0.0
1781174246.4900117,-0.0073260073260073,0.0
1781174246.5001473,-0.0073260073260073,0.0
1781174246.5102777,-0.0073260073260073,0.0
1781174246.5203824,-0.0073260073260073,0.0
1781174246.530531,-0.0073260073260073,0.0
1781174246.540635,-0.0073260073260073,0.0
1781174246.5507443,-0.0073260073260073,0.0
1781174246.5608532,-0.0073260073260073,0.0
1781174246.5709765,-0.0073260073260073,0.0
1781174246.5810995,-0.0073260073260073,0.0
1781174246.5912292,-0.0073260073260073,0.0
1781174246.6013386,-0.0073260073260073,0.0
1781174246.6115353,-0.0073260073260073,0.0
1781174246.6216936,-0.0073260073260073,0.0
1781174246.6317995,-0.0073260073260073,0.0
1781174246.6419084,-0.0073260073260073,0.0
1781174246.6520112,-0.0073260073260073,0.0
1781174246.6621556,-0.0073260073260073,0.0
1781174246.672258,-0.0073260073260073,0.0
1781174246.6823683,-0.0073260073260073,0.0
1781174246.6925077,-0.0073260073260073,0.0
1781174246.7026308,-0.0073260073260073,0.0
1781174246.712738,-0.0073260073260073,0.0
1781174246.7228427,-0.0073260073260073,0.0
1781174246.732979,-0.0073260073260073,0.0
1781174246.7430873,-0.0073260073260073,0.0
1781174246.7532246,-0.0073260073260073,0.0
1781174246.763648,-0.0073260073260073,0.0
1781174246.7737517,-0.0073260073260073,0.0
1781174246.7838607,-0.0073260073260073,0.0
1781174246.793972,-0.0073260073260073,0.0
1781174246.804122,-0.0073260073260073,0.0
1781174246.8142405,-0.0073260073260073,0.0
1781174246.8243752,-0.0073260073260073,0.0
1781174246.8345068,-0.0073260073260073,0.0
1781174246.844732,-0.0073260073260073,0.0
1781174246.8549142,-0.0073260073260073,0.0
1781174246.8650696,-0.0073260073260073,0.0
1781174246.8753111,-0.0073260073260073,0.0
1781174246.8854966,-0.0073260073260073,0.0
1781174246.895704,-0.0073260073260073,0.0
1781174246.9058678,-0.0073260073260073,0.0
1781174246.9160573,-0.0073260073260073,0.0
1781174246.9262133,-0.0073260073260073,0.0
1781174246.9363823,-0.0073260073260073,0.0
1781174246.9465578,-0.0073260073260073,0.0
1781174246.956722,-0.0073260073260073,0.0
1781174246.9668791,-0.0073260073260073,0.0
1781174246.9770358,-0.0073260073260073,0.0
1781174246.9872034,-0.0073260073260073,0.0
1781174246.997413,-0.0073260073260073,0.0
1781174247.0075696,-0.0073260073260073,0.0
1781174247.0177515,-0.0073260073260073,0.0
1781174247.027914,-0.0073260073260073,0.0
1781174247.0380878,-0.0073260073260073,0.0
1781174247.0482402,-0.0073260073260073,0.0
1781174247.0583858,-0.0073260073260073,0.0
1781174247.068537,-0.0073260073260073,0.0
1781174247.0786855,-0.0073260073260073,0.0
1781174247.0888371,-0.0073260073260073,0.0
1781174247.0989943,-0.0073260073260073,0.0
1781174247.109145,-0.0073260073260073,0.0
1781174247.1193762,-0.0073260073260073,0.0
1781174247.1295528,-0.0073260073260073,0.0
1781174247.1396623,-0.0073260073260073,0.0
1781174247.14981,-0.0073260073260073,0.0
1781174247.1599507,-0.0073260073260073,0.0
1781174247.1701038,-0.0073260073260073,0.0
1781174247.1802533,-0.0073260073260073,0.0
1781174247.1904469,-0.0073260073260073,0.0
1781174247.2006216,-0.0073260073260073,0.0
1781174247.210768,-0.0073260073260073,0.0
1781174247.2209127,-0.0073260073260073,0.0
1781174247.231058,-0.0073260073260073,0.0
1781174247.2412388,-0.0073260073260073,0.0
1781174247.2514176,-0.0073260073260073,0.0
1781174247.2616096,-0.0073260073260073,0.0
1781174247.2717533,-0.0073260073260073,0.0
1781174247.2818987,-0.0073260073260073,0.0
1781174247.2921112,-0.0073260073260073,0.0
1781174247.302205,-0.0073260073260073,0.0
1781174247.3123095,-0.0073260073260073,0.0
1781174247.3225017,-0.0073260073260073,0.0
1781174247.3326073,-0.0073260073260073,0.0
1781174247.3427644,-0.0073260073260073,0.0
1781174247.352865,-0.0073260073260073,0.0
1781174247.3629742,-0.0073260073260073,0.0
1781174247.3730817,-0.0073260073260073,0.0
1781174247.3831909,-0.0073260073260073,0.0
1781174247.393307,-0.0073260073260073,0.0
1781174247.4034255,-0.0073260073260073,0.0
1781174247.413537,-0.0073260073260073,0.0
1781174247.4243226,-0.0073260073260073,0.0
1781174247.4344356,-0.0073260073260073,0.0
1781174247.4445376,-0.0073260073260073,0.0
1781174247.454664,-0.0073260073260073,0.0
1781174247.4647658,-0.0073260073260073,0.0
1781174247.4748976,-0.0073260073260073,0.0
1781174247.48503,-0.0073260073260073,0.0
1781174247.4951909,-0.0073260073260073,0.0
1781174247.5052648,-0.0073260073260073,0.0
1781174247.51541,-0.0073260073260073,0.0
1781174247.5255356,-0.0073260073260073,0.0
1781174247.535723,-0.0073260073260073,0.0
1781174247.5458424,-0.0073260073260073,0.0
1781174247.5560546,-0.0073260073260073,0.0
1781174247.566195,-0.0073260073260073,0.0
1781174247.576396,-0.0073260073260073,0.0
1781174247.58652,-0.0073260073260073,0.0
1781174247.5966477,-0.0073260073260073,0.0
1781174247.6067784,-0.0073260073260073,0.0
1781174247.616901,-0.0073260073260073,0.0
1781174247.627029,-0.0073260073260073,0.0
1781174247.637134,-0.0073260073260073,0.0
1781174247.6473389,-0.0073260073260073,0.0
1781174247.6574404,-0.0073260073260073,0.0
1781174247.667587,-0.0073260073260073,0.0
1781174247.677748,-0.0073260073260073,0.0
1781174247.6879106,-0.0073260073260073,0.0
1781174247.698039,-0.0073260073260073,0.0
1781174247.7081811,-0.0073260073260073,0.0
1781174247.718262,-0.0073260073260073,0.0
1781174247.7284708,-0.0073260073260073,0.0
1781174247.7386043,-0.0073260073260073,0.0
1781174247.7487109,-0.0073260073260073,0.0
1781174247.7588208,-0.0073260073260073,0.0
1781174247.7689307,-0.0073260073260073,0.0
1781174247.7790403,-0.0073260073260073,0.0
1781174247.7891452,-0.0073260073260073,0.0
1781174247.7992847,-0.0073260073260073,0.0
1781174247.8094296,-0.0073260073260073,0.0
1781174247.8195958,-0.0073260073260073,0.0
1781174247.8297358,-0.0073260073260073,0.0
1781174247.8398826,-0.0073260073260073,0.0
1781174247.8500094,-0.0073260073260073,0.0
1781174247.8601184,-0.0073260073260073,0.0
1781174247.8703377,-0.0073260073260073,0.0
1781174247.8804564,-0.0073260073260073,0.0
1781174247.890636,-0.0073260073260073,0.0
1781174247.9007378,-0.0073260073260073,0.0
1781174247.9110286,-0.0073260073260073,0.0
1781174247.9211679,-0.0073260073260073,0.0
1781174247.9312618,-0.0073260073260073,0.0
1781174247.941467,-0.0073260073260073,0.0
1781174247.9515855,-0.0073260073260073,0.0
1781174247.9617188,-0.0073260073260073,0.0
1781174247.9718406,-0.0073260073260073,0.0
1781174247.9819527,-0.0073260073260073,0.0
1781174247.9920945,-0.0073260073260073,0.0
1781174248.002197,-0.0073260073260073,0.0
1781174248.012291,-0.0073260073260073,0.0
1781174248.0224087,-0.0073260073260073,0.0
1781174248.032593,-0.0073260073260073,0.0
1781174248.0427856,-0.0073260073260073,0.0
1781174248.0528972,-0.0073260073260073,0.0
1781174248.063004,-0.0073260073260073,0.0
1781174248.0731022,-0.0073260073260073,0.0
1781174248.0832472,-0.0073260073260073,0.0
1781174248.0933785,-0.0073260073260073,0.0
1781174248.1035163,-0.0073260073260073,0.0
1781174248.1136806,-0.0073260073260073,0.0
1781174248.12383,-0.0073260073260073,0.0
1781174248.1339397,-0.0073260073260073,0.0
1781174248.144045,-0.0073260073260073,0.0
1781174248.1542308,-0.0073260073260073,0.0
1781174248.165301,-0.0073260073260073,0.0
1781174248.1754658,-0.0073260073260073,0.0
1781174248.1856217,-0.0073260073260073,0.0
1781174248.1957884,-0.0073260073260073,0.0
1781174248.2059026,-0.0073260073260073,0.0
1781174248.2161179,-0.0073260073260073,0.0
1781174248.2262404,-0.0073260073260073,0.0
1781174248.2363698,-0.0073260073260073,0.0
1781174248.2464807,-0.0073260073260073,0.0
1781174248.2565796,-0.0073260073260073,0.0
1781174248.2666888,-0.0073260073260073,0.0
1781174248.2767875,-0.0073260073260073,0.0
1781174248.2869477,-0.0073260073260073,0.0
1781174248.2970912,-0.0073260073260073,0.0
1781174248.3071904,-0.0073260073260073,0.0
1781174248.3172624,-0.0073260073260073,0.0
1781174248.327362,-0.0073260073260073,0.0
1781174248.3374615,-0.0073260073260073,0.0
1781174248.3475833,-0.0073260073260073,0.0
1781174248.3577218,-0.0073260073260073,0.0
1781174248.367814,-0.0073260073260073,0.0
1781174248.3779616,-0.0073260073260073,0.0
1781174248.3881571,-0.0073260073260073,0.0
1781174248.3982635,-0.0073260073260073,0.0
1781174248.408371,-0.0073260073260073,0.0
1781174248.4184783,-0.0073260073260073,0.0
1781174248.42859,-0.0073260073260073,0.0
1781174248.4387095,-0.0073260073260073,0.0
1781174248.44887,-0.0073260073260073,0.0
1781174248.458986,-0.0073260073260073,0.0
1781174248.4691358,-0.0073260073260073,0.0
1781174248.4794073,-0.0073260073260073,0.0
1781174248.4895654,-0.0073260073260073,0.0
1781174248.499725,-0.0073260073260073,0.0
1781174248.509901,-0.0073260073260073,0.0
1781174248.5200503,-0.0073260073260073,0.0
1781174248.5302544,-0.0073260073260073,0.0
1781174248.5403712,-0.0073260073260073,0.0
1781174248.5505276,-0.0073260073260073,0.0
1781174248.5606856,-0.0073260073260073,0.0
1781174248.570851,-0.0073260073260073,0.0
1781174248.5811088,-0.0073260073260073,0.0
1781174248.5912235,-0.0073260073260073,0.0
1781174248.6013696,-0.0073260073260073,0.0
1781174248.6115272,-0.0073260073260073,0.0
1781174248.6216862,-0.0073260073260073,0.0
1781174248.6318414,-0.0073260073260073,0.0
1781174248.642019,-0.0073260073260073,0.0
1781174248.6522603,-0.0073260073260073,0.0
1781174248.662415,-0.0073260073260073,0.0
1781174248.6725683,-0.0073260073260073,0.0
1781174248.6827881,-0.0073260073260073,0.0
1781174248.6929693,-0.0073260073260073,0.0
1781174248.703111,-0.0073260073260073,0.0
1781174248.713263,-0.0073260073260073,0.0
1781174248.7234561,-0.0073260073260073,0.0
1781174248.7336392,-0.0073260073260073,0.0
1781174248.743888,-0.0073260073260073,0.0
1781174248.7540858,-0.0073260073260073,0.0
1781174248.7642665,-0.0073260073260073,0.0
1781174248.7744293,-0.0073260073260073,0.0
1781174248.7845914,-0.0073260073260073,0.0
1781174248.7947443,-0.0073260073260073,0.0
1781174248.8049006,-0.0073260073260073,0.0
1781174248.8150907,-0.0073260073260073,0.0
1781174248.825254,-0.0073260073260073,0.0
1781174248.8354094,-0.0073260073260073,0.0
1781174248.8455877,-0.0073260073260073,0.0
1781174248.8557801,-0.0073260073260073,0.0
1781174248.865931,-0.0073260073260073,0.0
1781174248.876081,-0.0073260073260073,0.0
1781174248.8862636,-0.0073260073260073,0.0
1781174248.8964293,-0.0073260073260073,0.0
1781174248.9066522,-0.0073260073260073,0.0
1781174248.9168096,-0.0073260073260073,0.0
1781174248.9269626,-0.0073260073260073,0.0
1781174248.9371278,-0.0073260073260073,0.0
1781174248.9472554,-0.0073260073260073,0.0
1781174248.9574215,-0.0073260073260073,0.0
1781174248.9675968,-0.0073260073260073,0.0
1781174248.9777484,-0.0073260073260073,0.0
1781174248.987899,-0.0073260073260073,0.0
1781174248.998096,-0.0073260073260073,0.0
1781174249.0082862,-0.0073260073260073,0.0
1781174249.0184734,-0.0073260073260073,0.0
1781174249.0286252,-0.0073260073260073,0.0
1781174249.0388505,-0.0073260073260073,0.0
1781174249.049008,-0.0073260073260073,0.0
1781174249.0591946,-0.0073260073260073,0.0
1781174249.069347,-0.0073260073260073,0.0
1781174249.079478,-0.0073260073260073,0.0
1781174249.089635,-0.0073260073260073,0.0
1781174249.0998228,-0.0073260073260073,0.0
1781174249.1099677,-0.0073260073260073,0.0
1781174249.1200676,-0.0073260073260073,0.0
1781174249.1302063,-0.0073260073260073,0.0
1781174249.1404705,-0.0073260073260073,0.0
1781174249.1505876,-0.0073260073260073,0.0
1781174249.160707,-0.0073260073260073,0.0
1781174249.170816,-0.0073260073260073,0.0
1781174249.180927,-0.0073260073260073,0.0
1781174249.191072,-0.0073260073260073,0.0
1781174249.2011964,-0.0073260073260073,0.0
1781174249.2112522,-0.0073260073260073,0.0
1781174249.22138,-0.0073260073260073,0.0
1781174249.231503,-0.0073260073260073,0.0
1781174249.241628,-0.0073260073260073,0.0
1781174249.2517555,-0.0073260073260073,0.0
1781174249.2618585,-0.0073260073260073,0.0
1781174249.2719636,-0.0073260073260073,0.0
1781174249.2820694,-0.0073260073260073,0.0
1781174249.29218,-0.0073260073260073,0.0
1781174249.302412,-0.0073260073260073,0.0
1781174249.3125286,-0.0073260073260073,0.0
1781174249.3226285,-0.0073260073260073,0.0
1781174249.3327334,-0.0073260073260073,0.0
1781174249.3428528,-0.0073260073260073,0.0
1781174249.3529642,-0.0073260073260073,0.0
1781174249.3631032,-0.0073260073260073,0.0
1781174249.37321,-0.0073260073260073,0.0
1781174249.3833487,-0.0073260073260073,0.0
1781174249.393463,-0.0073260073260073,0.0
1781174249.4036312,-0.0073260073260073,0.0
1781174249.4137654,-0.0073260073260073,0.0
1781174249.423931,-0.0073260073260073,0.0
1781174249.4340365,-0.0073260073260073,0.0
1781174249.4441404,-0.0073260073260073,0.0
1781174249.4542665,-0.0073260073260073,0.0
1781174249.4643767,-0.0073260073260073,0.0
1781174249.4745054,-0.0073260073260073,0.0
1781174249.48462,-0.0073260073260073,0.0
1781174249.4947524,-0.0073260073260073,0.0
1781174249.5048804,-0.0073260073260073,0.0
1781174249.5149872,-0.0073260073260073,0.0
1781174249.5251348,-0.0073260073260073,0.0
1781174249.535261,-0.0073260073260073,0.0
1781174249.5453575,-0.0073260073260073,0.0
1781174249.555473,-0.0073260073260073,0.0
1781174249.5655813,-0.0073260073260073,0.0
1781174249.575717,-0.0073260073260073,0.0
1781174249.585832,-0.0073260073260073,0.0
1781174249.5959365,-0.0073260073260073,0.0
1781174249.6060421,-0.0073260073260073,0.0
1781174249.6161926,-0.0073260073260073,0.0
1781174249.6262805,-0.0073260073260073,0.0
1781174249.6363978,-0.0073260073260073,0.0
1781174249.646534,-0.0073260073260073,0.0
1781174249.6571865,-0.0073260073260073,0.0
1781174249.6672904,-0.0073260073260073,0.0
1781174249.6774104,-0.0073260073260073,0.0
1781174249.6875439,-0.0073260073260073,0.0
1781174249.6976566,-0.0073260073260073,0.0
1781174249.7077715,-0.0073260073260073,0.0
1781174249.7179136,-0.0073260073260073,0.0
1781174249.7281225,-0.0073260073260073,0.0
1781174249.7382576,-0.0073260073260073,0.0
1781174249.748364,-0.0073260073260073,0.0
1781174249.7584918,-0.0073260073260073,0.0
1781174249.7686715,-0.0073260073260073,0.0
1781174249.7789476,-0.0073260073260073,0.0
1781174249.789089,-0.0073260073260073,0.0
1781174249.7992132,-0.0073260073260073,0.0
1781174249.8093455,-0.0073260073260073,0.0
1781174249.8194735,-0.0073260073260073,0.0
1781174249.8296008,-0.0073260073260073,0.0
1781174249.839795,-0.0073260073260073,0.0
1781174249.8500023,-0.0073260073260073,0.0
1781174249.8601792,-0.0073260073260073,0.0
1781174249.870347,-0.0073260073260073,0.0
1781174249.8804631,-0.0073260073260073,0.0
1781174249.8905725,-0.0073260073260073,0.0
1781174249.9007719,-0.0073260073260073,0.0
1781174249.9108748,-0.0073260073260073,0.0
1781174249.9210505,-0.0073260073260073,0.0
1781174249.9313357,-0.0073260073260073,0.0
1781174249.9414437,-0.0073260073260073,0.0
1781174249.951547,-0.0073260073260073,0.0
1781174249.9616778,-0.0073260073260073,0.0
1781174249.971787,-0.0073260073260073,0.0
1781174249.981911,-0.0073260073260073,0.0
1781174249.992018,-0.0073260073260073,0.0
1781174250.0021224,-0.0073260073260073,0.0
1781174250.012258,-0.0073260073260073,0.0
1781174250.0223637,-0.0073260073260073,0.0
1781174250.0324664,-0.0073260073260073,0.0
1781174250.0425825,-0.0073260073260073,0.0
1781174250.052705,-0.0073260073260073,0.0
1781174250.0627975,-0.0073260073260073,0.0
1781174250.0728974,-0.0073260073260073,0.0
1781174250.0830283,-0.0073260073260073,0.0
1781174250.0931246,-0.0073260073260073,0.0
1781174250.1032422,-0.0073260073260073,0.0
1781174250.113384,-0.0073260073260073,0.0
1781174250.1234915,-0.0073260073260073,0.0
1781174250.1336172,-0.0073260073260073,0.0
1781174250.143735,-0.0073260073260073,0.0
1781174250.153862,-0.0073260073260073,0.0
1781174250.1639738,-0.0073260073260073,0.0
1781174250.1741035,-0.0073260073260073,0.0
1781174250.1842353,-0.0073260073260073,0.0
1781174250.1943552,-0.0073260073260073,0.0
1781174250.2044969,-0.0073260073260073,0.0
1781174250.2146134,-0.0073260073260073,0.0
1781174250.2247202,-0.0073260073260073,0.0
1781174250.2348382,-0.0073260073260073,0.0
1781174250.24496,-0.0073260073260073,0.0
1781174250.2550914,-0.0073260073260073,0.0
1781174250.2652051,-0.0073260073260073,0.0
1781174250.2752912,-0.0073260073260073,0.0
1781174250.285407,-0.0073260073260073,0.0
1781174250.2955322,-0.0073260073260073,0.0
1781174250.3056407,-0.0073260073260073,0.0
1781174250.3157647,-0.0073260073260073,0.0
1781174250.3258843,-0.0073260073260073,0.0
1781174250.3360105,-0.0073260073260073,0.0
1781174250.3461618,-0.0073260073260073,0.0
1781174250.3562605,-0.0073260073260073,0.0
1781174250.3663716,-0.0073260073260073,0.0
1781174250.3764722,-0.0073260073260073,0.0
1781174250.3865693,-0.0073260073260073,0.0
1781174250.396691,-0.0073260073260073,0.0
1781174250.4067945,-0.0073260073260073,0.0
1781174250.4169006,-0.0073260073260073,0.0
1781174250.4270039,-0.0073260073260073,0.0
1781174250.4371104,-0.0073260073260073,0.0
1781174250.4472518,-0.0073260073260073,0.0
1781174250.4573863,-0.0073260073260073,0.0
1781174250.4675229,-0.0073260073260073,0.0
1781174250.4776168,-0.0073260073260073,0.0
1781174250.4877136,-0.0073260073260073,0.0
1781174250.497815,-0.0073260073260073,0.0
1781174250.5079284,-0.0073260073260073,0.0
1781174250.518039,-0.0073260073260073,0.0
1781174250.5281825,-0.0073260073260073,0.0
1781174250.5382607,-0.0073260073260073,0.0
1781174250.548369,-0.0073260073260073,0.0
1781174250.5584955,-0.0073260073260073,0.0
1781174250.5686169,-0.0073260073260073,0.0
1781174250.5787222,-0.0073260073260073,0.0
1781174250.5888686,-0.0073260073260073,0.0
1781174250.5995991,-0.0073260073260073,0.0
1781174250.6097424,-0.0073260073260073,0.0
1781174250.6198606,-0.0073260073260073,0.0
1781174250.629969,-0.0073260073260073,0.0
1781174250.6400764,-0.0073260073260073,0.0
1781174250.6502254,-0.0073260073260073,0.0
1781174250.660327,-0.0073260073260073,0.0
1781174250.670532,-0.0073260073260073,0.0
1781174250.6806493,-0.0073260073260073,0.0
1781174250.6908023,-0.0073260073260073,0.0
1781174250.7009127,-0.0073260073260073,0.0
1781174250.7110126,-0.0073260073260073,0.0
1781174250.7211492,-0.0073260073260073,0.0
1781174250.731291,-0.0073260073260073,0.0
1781174250.7416804,-0.0073260073260073,0.0
1781174250.751807,-0.0073260073260073,0.0
1781174250.7620547,-0.0073260073260073,0.0
1781174250.7721655,-0.0073260073260073,0.0
1781174250.7823536,-0.0073260073260073,0.0
1781174250.792524,-0.0073260073260073,0.0
1781174250.8027265,-0.0073260073260073,0.0
1781174250.8130121,-0.0073260073260073,0.0
1781174250.8232994,-0.0073260073260073,0.0
1781174250.833567,-0.0073260073260073,0.0
1781174250.8437347,-0.0073260073260073,0.0
1781174250.8539934,-0.0073260073260073,0.0
1781174250.864279,-0.0073260073260073,0.0
1781174250.8745606,-0.0073260073260073,0.0
1781174250.884882,-0.0073260073260073,0.0
1781174250.8951747,-0.0073260073260073,0.0
1781174250.9053795,-0.0073260073260073,0.0
1781174250.9155586,-0.0073260073260073,0.0
1781174250.9257076,-0.0073260073260073,0.0
1781174250.9358828,-0.0073260073260073,0.0
1781174250.9460855,-0.0073260073260073,0.0
1781174250.9563177,-0.0073260073260073,0.0
1781174250.9665027,-0.0073260073260073,0.0
1781174250.976666,-0.0073260073260073,0.0
1781174250.9868624,-0.0073260073260073,0.0
1781174250.9970334,-0.0073260073260073,0.0
1781174251.0072427,-0.0073260073260073,0.0
1781174251.0174563,-0.0073260073260073,0.0
1781174251.0276258,-0.0073260073260073,0.0
1781174251.037908,-0.0073260073260073,0.0
1781174251.048178,-0.0073260073260073,0.0
1781174251.0584154,-0.0073260073260073,0.0
1781174251.0687206,-0.0073260073260073,0.0
1781174251.0790088,-0.0073260073260073,0.0
1781174251.089311,-0.0073260073260073,0.0
1781174251.0996182,-0.0073260073260073,0.0
1781174251.1098824,-0.0073260073260073,0.0
1781174251.1201658,-0.0073260073260073,0.0
1781174251.1303864,-0.0073260073260073,0.0
1781174251.1406598,-0.0073260073260073,0.0
1781174251.1509788,-0.0073260073260073,0.0
1781174251.1612568,-0.0073260073260073,0.0
1781174251.1714482,-0.0073260073260073,0.0
1781174251.1817412,-0.0073260073260073,0.0
1781174251.1919758,-0.0073260073260073,0.0
1781174251.2022998,-0.0073260073260073,0.0
1781174251.2126377,-0.0073260073260073,0.0
1781174251.2229943,-0.0073260073260073,0.0
1781174251.2332158,-0.0073260073260073,0.0
1781174251.243435,-0.0073260073260073,0.0
1781174251.2536073,-0.0073260073260073,0.0
1781174251.2638874,-0.0073260073260073,0.0
1781174251.2741747,-0.0073260073260073,0.0
1781174251.284474,-0.0073260073260073,0.0
1781174251.2947779,-0.0073260073260073,0.0
1781174251.304952,-0.0073260073260073,0.0
1781174251.3152704,-0.0073260073260073,0.0
1781174251.32537,-0.0073260073260073,0.0
1781174251.3354838,-0.0073260073260073,0.0
1781174251.3456247,-0.0073260073260073,0.0
1781174251.3557959,-0.0073260073260073,0.0
1781174251.3658943,-0.0073260073260073,0.0
1781174251.376003,-0.0073260073260073,0.0
1781174251.386166,-0.0073260073260073,0.0
1781174251.396268,-0.0073260073260073,0.0
1781174251.406392,-0.0073260073260073,0.0
1781174251.4164925,-0.0073260073260073,0.0
1781174251.4266028,-0.0073260073260073,0.0
1781174251.436713,-0.0073260073260073,0.0
1781174251.446829,-0.0073260073260073,0.0
1781174251.456939,-0.0073260073260073,0.0
1781174251.467072,-0.0073260073260073,0.0
1781174251.477531,-0.0073260073260073,0.0
1781174251.4887583,-0.0073260073260073,0.0
1781174251.4989545,-0.0073260073260073,0.0
1781174251.5092688,-0.0073260073260073,0.0
1781174251.5193524,-0.0073260073260073,0.0
1781174251.5294738,-0.0073260073260073,0.0
1781174251.539718,-0.0073260073260073,0.0
1781174251.5500786,-0.0073260073260073,0.0
1781174251.5604343,-0.0073260073260073,0.0
1781174251.5705488,-0.0073260073260073,0.0
1781174251.5806491,-0.0073260073260073,0.0
1781174251.5907528,-0.0073260073260073,0.0
1781174251.6008556,-0.0073260073260073,0.0
1781174251.610964,-0.0073260073260073,0.0
1781174251.621063,-0.0073260073260073,0.0
1781174251.6311595,-0.0073260073260073,0.0
1781174251.6413524,-0.0073260073260073,0.0
1781174251.6514578,-0.0073260073260073,0.0
1781174251.661562,-0.0073260073260073,0.0
1781174251.67192,-0.0073260073260073,0.0
1781174251.6821082,-0.0073260073260073,0.0
1781174251.6923826,-0.0073260073260073,0.0
1781174251.7025375,-0.0073260073260073,0.0
1781174251.7127469,-0.0073260073260073,0.0
1781174251.7228827,-0.0073260073260073,0.0
1781174251.7330544,-0.0073260073260073,0.0
1781174251.7432318,-0.0073260073260073,0.0
1781174251.7535937,-0.0073260073260073,0.0
1781174251.7637513,-0.0073260073260073,0.0
1781174251.7739105,-0.0073260073260073,0.0
1781174251.7840626,-0.0073260073260073,0.0
1781174251.794215,-0.0073260073260073,0.0
1781174251.8043418,-0.0073260073260073,0.0
1781174251.814486,-0.0073260073260073,0.0
1781174251.824714,-0.0073260073260073,0.0
1781174251.8349652,-0.0073260073260073,0.0
1781174251.8452485,-0.0073260073260073,0.0
1781174251.8555098,-0.0073260073260073,0.0
1781174251.8657424,-0.0073260073260073,0.0
1781174251.8759918,-0.0073260073260073,0.0
1781174251.8862433,-0.0073260073260073,0.0
1781174251.8963802,-0.0073260073260073,0.0
1781174251.9066644,-0.0073260073260073,0.0
1781174251.9168885,-0.0073260073260073,0.0
1781174251.9271414,-0.0073260073260073,0.0
1781174251.9374132,-0.0073260073260073,0.0
1781174251.9476404,-0.0073260073260073,0.0
1781174251.9578655,-0.0073260073260073,0.0
1781174251.9680958,-0.0073260073260073,0.0
1781174251.9783611,-0.0073260073260073,0.0
1781174251.9885972,-0.0073260073260073,0.0
1781174251.9988966,-0.0073260073260073,0.0
1781174252.0091174,-0.0073260073260073,0.0
1781174252.019389,-0.0073260073260073,0.0
1781174252.0296233,-0.0073260073260073,0.0
1781174252.0397708,-0.0073260073260073,0.0
1781174252.0500095,-0.0073260073260073,0.0
1781174252.0602524,-0.0073260073260073,0.0
1781174252.0704074,-0.0073260073260073,0.0
1781174252.0806966,-0.0073260073260073,0.0
1781174252.0908334,-0.0073260073260073,0.0
1781174252.1009486,-0.0073260073260073,0.0
1781174252.1110644,-0.0073260073260073,0.0
1781174252.1212087,-0.0073260073260073,0.0
1781174252.131531,-0.0073260073260073,0.0
1781174252.141643,-0.0073260073260073,0.0
1781174252.1518476,-0.0073260073260073,0.0
1781174252.1621382,-0.0073260073260073,0.0
1781174252.1722732,-0.0073260073260073,0.0
1781174252.1824076,-0.0073260073260073,0.0
1781174252.1925204,-0.0073260073260073,0.0
1781174252.2027621,-0.0073260073260073,0.0
1781174252.2130148,-0.0073260073260073,0.0
1781174252.2232506,-0.0073260073260073,0.0
1781174252.2335253,-0.0073260073260073,0.0
1781174252.2437725,-0.0073260073260073,0.0
1781174252.2540011,-0.0073260073260073,0.0
1781174252.2642758,-0.0073260073260073,0.0
1781174252.274522,-0.0073260073260073,0.0
1781174252.2847524,-0.0073260073260073,0.0
1781174252.2949748,-0.0073260073260073,0.0
1781174252.3052025,-0.0073260073260073,0.0
1781174252.3154144,-0.0073260073260073,0.0
1781174252.3256917,-0.0073260073260073,0.0
1781174252.335904,-0.0073260073260073,0.0
1781174252.346115,-0.0073260073260073,0.0
1781174252.356347,-0.0073260073260073,0.0
1781174252.366457,-0.0073260073260073,0.0
1781174252.3765602,-0.0073260073260073,0.0
1781174252.386749,-0.0073260073260073,0.0
1781174252.3970327,-0.0073260073260073,0.0
1781174252.4072776,-0.0073260073260073,0.0
1781174252.4175546,-0.0073260073260073,0.0
1781174252.4276724,-0.0073260073260073,0.0
1781174252.4379272,-0.0073260073260073,0.0
1781174252.4481251,-0.0073260073260073,0.0
1781174252.4583685,-0.0073260073260073,0.0
1781174252.4684734,-0.0073260073260073,0.0
1781174252.4785764,-0.0073260073260073,0.0
1781174252.488782,-0.0073260073260073,0.0
1781174252.4990058,-0.0073260073260073,0.0
1781174252.5092134,-0.0073260073260073,0.0
1781174252.5194461,-0.0073260073260073,0.0
1781174252.5295525,-0.0073260073260073,0.0
1781174252.539657,-0.0073260073260073,0.0
1781174252.5497613,-0.0073260073260073,0.0
1781174252.5599098,-0.0073260073260073,0.0
1781174252.5700557,-0.0073260073260073,0.0
1781174252.5802073,-0.0073260073260073,0.0
1781174252.5903385,-0.0073260073260073,0.0
1781174252.6004522,-0.0073260073260073,0.0
1781174252.6105604,-0.0073260073260073,0.0
1781174252.6206641,-0.0073260073260073,0.0
1781174252.6308753,-0.0073260073260073,0.0
1781174252.6410842,-0.0073260073260073,0.0
1781174252.6512532,-0.0073260073260073,0.0
1781174252.6614747,-0.0073260073260073,0.0
1781174252.6716654,-0.0073260073260073,0.0
1781174252.683487,-0.0073260073260073,0.0
1781174252.6936185,-0.0073260073260073,0.0
1781174252.7037306,-0.0073260073260073,0.0
1781174252.7139716,-0.0073260073260073,0.0
1781174252.724196,-0.0073260073260073,0.0
1781174252.734428,-0.0073260073260073,0.0
1781174252.744645,-0.0073260073260073,0.0
1781174252.7547505,-0.0073260073260073,0.0
1781174252.7649875,-0.0073260073260073,0.0
1781174252.7752516,-0.0073260073260073,0.0
1781174252.785569,-0.0073260073260073,0.0
1781174252.7957065,-0.0073260073260073,0.0
1781174252.8059285,-0.0073260073260073,0.0
1781174252.8161614,-0.0073260073260073,0.0
1781174252.8263705,-0.0073260073260073,0.0
1781174252.8365195,-0.0073260073260073,0.0
1781174252.8466516,-0.0073260073260073,0.0
1781174252.8567872,-0.0073260073260073,0.0
1781174252.8670082,-0.0073260073260073,0.0
1781174252.877285,-0.0073260073260073,0.0
1781174252.8874314,-0.0073260073260073,0.0
1781174252.897641,-0.0073260073260073,0.0
1781174252.9078505,-0.0073260073260073,0.0
1781174252.9180753,-0.0073260073260073,0.0
1781174252.9283504,-0.0073260073260073,0.0
1781174252.9385738,-0.0073260073260073,0.0
1781174252.9488513,-0.0073260073260073,0.0
1781174252.9590786,-0.0073260073260073,0.0
1781174252.9692926,-0.0073260073260073,0.0
1781174252.9795983,-0.0073260073260073,0.0
1781174252.989874,-0.0073260073260073,0.0
1781174253.0000713,-0.0073260073260073,0.0
1781174253.0103478,-0.0073260073260073,0.0
1781174253.0206013,-0.0073260073260073,0.0
1781174253.0308197,-0.0073260073260073,0.0
1781174253.0410423,-0.0073260073260073,0.0
1781174253.0512762,-0.0073260073260073,0.0
1781174253.0615296,-0.0073260073260073,0.0
1781174253.071756,-0.0073260073260073,0.0
1781174253.0820243,-0.0073260073260073,0.0
1781174253.0923064,-0.0073260073260073,0.0
1781174253.1025546,-0.0073260073260073,0.0
1781174253.112774,-0.0073260073260073,0.0
1781174253.1229932,-0.0073260073260073,0.0
1781174253.1332052,-0.0073260073260073,0.0
1781174253.143424,-0.0073260073260073,0.0
1781174253.1536543,-0.0073260073260073,0.0
1781174253.1639025,-0.0073260073260073,0.0
1781174253.1741545,-0.0073260073260073,0.0
1781174253.1843102,-0.0073260073260073,0.0
1781174253.1944544,-0.0073260073260073,0.0
1781174253.2045617,-0.0073260073260073,0.0
1781174253.2147067,-0.0073260073260073,0.0
1781174253.225177,-0.0073260073260073,0.0
1781174253.2352643,-0.0073260073260073,0.0
1781174253.2454073,-0.0073260073260073,0.0
1781174253.2555165,-0.0073260073260073,0.0
1781174253.265762,-0.0073260073260073,0.0
1781174253.275965,-0.0073260073260073,0.0
1781174253.286201,-0.0073260073260073,0.0
1781174253.2964487,-0.0073260073260073,0.0
1781174253.3066816,-0.0073260073260073,0.0
1781174253.3168893,-0.0073260073260073,0.0
1781174253.3270879,-0.0073260073260073,0.0
1781174253.3373325,-0.0073260073260073,0.0
1781174253.3475318,-0.0073260073260073,0.0
1781174253.3577573,-0.0073260073260073,0.0
1781174253.3679047,-0.0073260073260073,0.0
1781174253.378081,-0.0073260073260073,0.0
1781174253.3883069,-0.0073260073260073,0.0
1781174253.398529,-0.0073260073260073,0.0
1781174253.4086497,-0.0073260073260073,0.0
1781174253.418856,-0.0073260073260073,0.0
1781174253.4290848,-0.0073260073260073,0.0
1781174253.4393106,-0.0073260073260073,0.0
1781174253.449533,-0.0073260073260073,0.0
1781174253.4596431,-0.0073260073260073,0.0
1781174253.4698634,-0.0073260073260073,0.0
1781174253.4800048,-0.0073260073260073,0.0
1781174253.4901142,-0.0073260073260073,0.0
1781174253.5002563,-0.0073260073260073,0.0
1781174253.5104287,-0.0073260073260073,0.0
1781174253.5205345,-0.0073260073260073,0.0
1781174253.5306377,-0.0073260073260073,0.0
1781174253.5407412,-0.0073260073260073,0.0
1781174253.550847,-0.0073260073260073,0.0
1781174253.5609508,-0.0073260073260073,0.0
1781174253.5710688,-0.0073260073260073,0.0
1781174253.581225,-0.0073260073260073,0.0
1781174253.5913348,-0.0073260073260073,0.0
1781174253.6015599,-0.0073260073260073,0.0
1781174253.6116643,-0.0073260073260073,0.0
1781174253.6218302,-0.0073260073260073,0.0
1781174253.6319432,-0.0073260073260073,0.0
1781174253.6421602,-0.0073260073260073,0.0
1781174253.6523628,-0.0073260073260073,0.0
1781174253.6625195,-0.0073260073260073,0.0
1781174253.6727102,-0.0073260073260073,0.0
1781174253.682814,-0.0073260073260073,0.0
1781174253.6934264,-0.0073260073260073,0.0
1781174253.7035432,-0.0073260073260073,0.0
1781174253.7137582,-0.0073260073260073,0.0
1781174253.7239764,-0.0073260073260073,0.0
1781174253.7342722,-0.0073260073260073,0.0
1781174253.7445452,-0.0073260073260073,0.0
1781174253.7548149,-0.0073260073260073,0.0
1781174253.7650523,-0.0073260073260073,0.0
1781174253.7753959,-0.0073260073260073,0.0
1781174253.7856767,-0.0073260073260073,0.0
1781174253.7958953,-0.0073260073260073,0.0
1781174253.8060403,-0.0073260073260073,0.0
1781174253.816266,-0.0073260073260073,0.0
1781174253.8265214,-0.0073260073260073,0.0
1781174253.8367662,-0.0073260073260073,0.0
1781174253.8469734,-0.0073260073260073,0.0
1781174253.8571873,-0.0073260073260073,0.0
1781174253.867306,-0.0073260073260073,0.0
1781174253.8774061,-0.0073260073260073,0.0
1781174253.8875184,-0.0073260073260073,0.0
1781174253.897667,-0.0073260073260073,0.0
1781174253.907763,-0.0073260073260073,0.0
1781174253.9178834,-0.0073260073260073,0.0
1781174253.9279878,-0.0073260073260073,0.0
1781174253.9381018,-0.0073260073260073,0.0
1781174253.9481966,-0.0073260073260073,0.0
1781174253.958251,-0.0073260073260073,0.0
1781174253.9684055,-0.0073260073260073,0.0
1781174253.9786549,-0.0073260073260073,0.0
1781174253.988909,-0.0073260073260073,0.0
1781174253.9993434,-0.0073260073260073,0.0
1781174254.0096328,-0.0073260073260073,0.0
1781174254.0198102,-0.0073260073260073,0.0
1781174254.0301352,-0.0073260073260073,0.0
1781174254.0404494,-0.0073260073260073,0.0
1781174254.050674,-0.0073260073260073,0.0
1781174254.0608747,-0.0073260073260073,0.0
1781174254.0710764,-0.0073260073260073,0.0
1781174254.0812774,-0.0073260073260073,0.0
1781174254.0914917,-0.0073260073260073,0.0
1781174254.1017277,-0.0073260073260073,0.0
1781174254.112146,-0.0073260073260073,0.0
1781174254.1229527,-0.0073260073260073,0.0
1781174254.1331706,-0.0073260073260073,0.0
1781174254.1433299,-0.0073260073260073,0.0
1781174254.153431,-0.0073260073260073,0.0
1781174254.1635454,-0.0073260073260073,0.0
1781174254.173813,-0.0073260073260073,0.0
1781174254.1840675,-0.0073260073260073,0.0
1781174254.1943088,-0.0073260073260073,0.0
1781174254.204568,-0.0073260073260073,0.0
1781174254.2148085,-0.0073260073260073,0.0
1781174254.2250586,-0.0073260073260073,0.0
1781174254.235334,-0.0073260073260073,0.0
1781174254.2456198,-0.0073260073260073,0.0
1781174254.2559078,-0.0073260073260073,0.0
1781174254.266166,-0.0073260073260073,0.0
1781174254.2764714,-0.0073260073260073,0.0
1781174254.2866054,-0.0073260073260073,0.0
1781174254.2967193,-0.0073260073260073,0.0
1781174254.3068244,-0.0073260073260073,0.0
1781174254.3169587,-0.0073260073260073,0.0
1781174254.3270593,-0.0073260073260073,0.0
1781174254.3371859,-0.0073260073260073,0.0
1781174254.3472555,-0.0073260073260073,0.0
1781174254.3573608,-0.0073260073260073,0.0
1781174254.3674614,-0.0073260073260073,0.0
1781174254.3775692,-0.0073260073260073,0.0
1781174254.387709,-0.0073260073260073,0.0
1781174254.397825,-0.0073260073260073,0.0
1781174254.4079547,-0.0073260073260073,0.0
1781174254.4180667,-0.0073260073260073,0.0
1781174254.428193,-0.0073260073260073,0.0
1781174254.4382892,-0.0073260073260073,0.0
1781174254.448395,-0.0073260073260073,0.0
1781174254.458499,-0.0073260073260073,0.0
1781174254.4686031,-0.0073260073260073,0.0
1781174254.4787083,-0.0073260073260073,0.0
1781174254.4888737,-0.0073260073260073,0.0
1781174254.4990144,-0.0073260073260073,0.0
1781174254.5091205,-0.0073260073260073,0.0
1781174254.5192287,-0.0073260073260073,0.0
1781174254.5293326,-0.0073260073260073,0.0
1781174254.5394392,-0.0073260073260073,0.0
1781174254.5495634,-0.0073260073260073,0.0
1781174254.5597014,-0.0073260073260073,0.0
1781174254.5698056,-0.0073260073260073,0.0
1781174254.5799143,-0.0073260073260073,0.0
1781174254.5900376,-0.0073260073260073,0.0
1781174254.6001458,-0.0073260073260073,0.0
1781174254.610248,-0.0073260073260073,0.0
1781174254.6205227,-0.0073260073260073,0.0
1781174254.6306446,-0.0073260073260073,0.0
1781174254.6407485,-0.0073260073260073,0.0
1781174254.6508536,-0.0073260073260073,0.0
1781174254.6609893,-0.0073260073260073,0.0
1781174254.6711104,-0.0073260073260073,0.0
1781174254.6812165,-0.0073260073260073,0.0
1781174254.691359,-0.0073260073260073,0.0
1781174254.7014575,-0.0073260073260073,0.0
1781174254.7116048,-0.0073260073260073,0.0
1781174254.7217107,-0.0073260073260073,0.0
1781174254.731846,-0.0073260073260073,0.0
1781174254.7419643,-0.0073260073260073,0.0
1781174254.7521477,-0.0073260073260073,0.0
1781174254.7622619,-0.0073260073260073,0.0
1781174254.7726014,-0.0073260073260073,0.0
1781174254.782706,-0.0073260073260073,0.0
1781174254.7928429,-0.0073260073260073,0.0
1781174254.8029552,-0.0073260073260073,0.0
1781174254.8131537,-0.0073260073260073,0.0
1781174254.8232617,-0.0073260073260073,0.0
1781174254.8334007,-0.0073260073260073,0.0
1781174254.8435376,-0.0073260073260073,0.0
1781174254.8536477,-0.0073260073260073,0.0
1781174254.8637567,-0.0073260073260073,0.0
1781174254.8738642,-0.0073260073260073,0.0
1781174254.8840036,-0.0073260073260073,0.0
1781174254.894123,-0.0073260073260073,0.0
1781174254.9042861,-0.0073260073260073,0.0
1781174254.914407,-0.0073260073260073,0.0
1781174254.9245484,-0.0073260073260073,0.0
1781174254.934728,-0.0073260073260073,0.0
1781174254.9448342,-0.0073260073260073,0.0
1781174254.9549456,-0.0073260073260073,0.0
1781174254.965052,-0.0073260073260073,0.0
1781174254.975178,-0.0073260073260073,0.0
1781174254.9852624,-0.0073260073260073,0.0
1781174254.9953613,-0.0073260073260073,0.0
1781174255.0055373,-0.0073260073260073,0.0
1781174255.015674,-0.0073260073260073,0.0
1781174255.0257926,-0.0073260073260073,0.0
1781174255.0359125,-0.0073260073260073,0.0
1781174255.0460532,-0.0073260073260073,0.0
1781174255.0561569,-0.0073260073260073,0.0
1781174255.066253,-0.0073260073260073,0.0
1781174255.0764065,-0.0073260073260073,0.0
1781174255.0865424,-0.0073260073260073,0.0
1781174255.0966673,-0.0073260073260073,0.0
1781174255.1067688,-0.0073260073260073,0.0
1781174255.1168752,-0.0073260073260073,0.0
1781174255.1269886,-0.0073260073260073,0.0
1781174255.1371124,-0.0073260073260073,0.0
1781174255.147271,-0.0073260073260073,0.0
1781174255.1573756,-0.0073260073260073,0.0
1781174255.167478,-0.0073260073260073,0.0
1781174255.177585,-0.0073260073260073,0.0
1781174255.1882842,-0.0073260073260073,0.0
1781174255.1983962,-0.0073260073260073,0.0
1781174255.2085142,-0.0073260073260073,0.0
1781174255.218661,-0.0073260073260073,0.0
1781174255.2288132,-0.0073260073260073,0.0
1781174255.2389288,-0.0073260073260073,0.0
1781174255.2490332,-0.0073260073260073,0.0
1781174255.2591631,-0.0073260073260073,0.0
1781174255.2692702,-0.0073260073260073,0.0
1781174255.279367,-0.0073260073260073,0.0
1781174255.289492,-0.0073260073260073,0.0
1781174255.2996006,-0.0073260073260073,0.0
1781174255.3097637,-0.0073260073260073,0.0
1781174255.3198638,-0.0073260073260073,0.0
1781174255.3299718,-0.0073260073260073,0.0
1781174255.3400755,-0.0073260073260073,0.0
1781174255.3502686,-0.0073260073260073,0.0
1781174255.3604124,-0.0073260073260073,0.0
1781174255.370567,-0.0073260073260073,0.0
1781174255.3806787,-0.0073260073260073,0.0
1781174255.3908126,-0.0073260073260073,0.0
1781174255.4009182,-0.0073260073260073,0.0
1781174255.4110255,-0.0073260073260073,0.0
1781174255.4212506,-0.0073260073260073,0.0
1781174255.4313812,-0.0073260073260073,0.0
1781174255.4415178,-0.0073260073260073,0.0
1781174255.4517136,-0.0073260073260073,0.0
1781174255.4618108,-0.0073260073260073,0.0
1781174255.4719274,-0.0073260073260073,0.0
1781174255.4820368,-0.0073260073260073,0.0
1781174255.49226,-0.0073260073260073,0.0
1781174255.5023828,-0.0073260073260073,0.0
1781174255.512487,-0.0073260073260073,0.0
1781174255.522588,-0.0073260073260073,0.0
1781174255.5327902,-0.0073260073260073,0.0
1781174255.5429943,-0.0073260073260073,0.0
1781174255.5530996,-0.0073260073260073,0.0
1781174255.5632496,-0.0073260073260073,0.0
1781174255.573375,-0.0073260073260073,0.0
1781174255.583517,-0.0073260073260073,0.0
1781174255.5936506,-0.0073260073260073,0.0
1781174255.6037707,-0.0073260073260073,0.0
1781174255.6139426,-0.0073260073260073,0.0
1781174255.6240392,-0.0073260073260073,0.0
1781174255.6341472,-0.0073260073260073,0.0
1781174255.6442504,-0.0073260073260073,0.0
1781174255.654392,-0.0073260073260073,0.0
1781174255.6644993,-0.0073260073260073,0.0
1781174255.6746082,-0.0073260073260073,0.0
1781174255.6847167,-0.0073260073260073,0.0
1781174255.6948175,-0.0073260073260073,0.0
1781174255.7049253,-0.0073260073260073,0.0
1781174255.7150314,-0.0073260073260073,0.0
1781174255.7251518,-0.0073260073260073,0.0
1781174255.7353265,-0.0073260073260073,0.0
1781174255.7454371,-0.0073260073260073,0.0
1781174255.7557974,-0.0073260073260073,0.0
1781174255.7659123,-0.0073260073260073,0.0
1781174255.7760594,-0.0073260073260073,0.0
1781174255.7862546,-0.0073260073260073,0.0
1781174255.7965276,-0.0073260073260073,0.0
1781174255.806773,-0.0073260073260073,0.0
1781174255.8169258,-0.0073260073260073,0.0
1781174255.827059,-0.0073260073260073,0.0
1781174255.8372593,-0.0073260073260073,0.0
1781174255.847402,-0.0073260073260073,0.0
1781174255.8575554,-0.0073260073260073,0.0
1781174255.8677008,-0.0073260073260073,0.0
1781174255.877812,-0.0073260073260073,0.0
1781174255.8879147,-0.0073260073260073,0.0
1781174255.8981624,-0.0073260073260073,0.0
1781174255.908368,-0.0073260073260073,0.0
1781174255.9184873,-0.0073260073260073,0.0
1781174255.92859,-0.0073260073260073,0.0
1781174255.9386926,-0.0073260073260073,0.0
1781174255.9487908,-0.0073260073260073,0.0
1781174255.9589598,-0.0073260073260073,0.0
1781174255.9691298,-0.0073260073260073,0.0
1781174255.9793575,-0.0073260073260073,0.0
1781174255.9895124,-0.0073260073260073,0.0
1781174255.9996693,-0.0073260073260073,0.0
1781174256.0098035,-0.0073260073260073,0.0
1781174256.019954,-0.0073260073260073,0.0
1781174256.0302637,-0.0073260073260073,0.0
1781174256.0404313,-0.0073260073260073,0.0
1781174256.0506363,-0.0073260073260073,0.0
1781174256.0607758,-0.0073260073260073,0.0
1781174256.0708902,-0.0073260073260073,0.0
1781174256.0810018,-0.0073260073260073,0.0
1781174256.0911856,-0.0073260073260073,0.0
1781174256.1014183,-0.0073260073260073,0.0
1781174256.1115382,-0.0073260073260073,0.0
1781174256.1216903,-0.0073260073260073,0.0
1781174256.1318445,-0.0073260073260073,0.0
1781174256.14205,-0.0073260073260073,0.0
1781174256.152194,-0.0073260073260073,0.0
1781174256.1622903,-0.0073260073260073,0.0
1781174256.172469,-0.0073260073260073,0.0
1781174256.182615,-0.0073260073260073,0.0
1781174256.1927269,-0.0073260073260073,0.0
1781174256.2028682,-0.0073260073260073,0.0
1781174256.212992,-0.0073260073260073,0.0
1781174256.223105,-0.0073260073260073,0.0
1781174256.233921,-0.0073260073260073,0.0
1781174256.244123,-0.0073260073260073,0.0
1781174256.2542956,-0.0073260073260073,0.0
1781174256.2644248,-0.0073260073260073,0.0
1781174256.274547,-0.0073260073260073,0.0
1781174256.2846544,-0.0073260073260073,0.0
1781174256.2947648,-0.0073260073260073,0.0
1781174256.3048666,-0.0073260073260073,0.0
1781174256.31497,-0.0073260073260073,0.0
1781174256.3250737,-0.0073260073260073,0.0
1781174256.3351746,-0.0073260073260073,0.0
1781174256.3452685,-0.0073260073260073,0.0
1781174256.3553698,-0.0073260073260073,0.0
1781174256.365478,-0.0073260073260073,0.0
1781174256.3755815,-0.0073260073260073,0.0
1781174256.3856914,-0.0073260073260073,0.0
1781174256.3958058,-0.0073260073260073,0.0
1781174256.405906,-0.0073260073260073,0.0
1781174256.4160142,-0.0073260073260073,0.0
1781174256.4261172,-0.0073260073260073,0.0
1781174256.436232,-0.0073260073260073,0.0
1781174256.4463453,-0.0073260073260073,0.0
1781174256.456486,-0.0073260073260073,0.0
1781174256.4666755,-0.0073260073260073,0.0
1781174256.4768357,-0.0073260073260073,0.0
1781174256.487001,-0.0073260073260073,0.0
1781174256.4971569,-0.0073260073260073,0.0
1781174256.5074,-0.0073260073260073,0.0
1781174256.5175288,-0.0073260073260073,0.0
1781174256.5276756,-0.0073260073260073,0.0
1781174256.5377948,-0.0073260073260073,0.0
1781174256.5480723,-0.0073260073260073,0.0
1781174256.5581896,-0.0073260073260073,0.0
1781174256.5682976,-0.0073260073260073,0.0
1781174256.578658,-0.0073260073260073,0.0
1781174256.5888362,-0.0073260073260073,0.0
1781174256.5990045,-0.0073260073260073,0.0
1781174256.609159,-0.0073260073260073,0.0
1781174256.6192634,-0.0073260073260073,0.0
1781174256.629521,-0.0073260073260073,0.0
1781174256.6396532,-0.0073260073260073,0.0
1781174256.6497798,-0.0073260073260073,0.0
1781174256.659902,-0.0073260073260073,0.0
1781174256.670012,-0.0073260073260073,0.0
1781174256.6801536,-0.0073260073260073,0.0
1781174256.6904018,-0.0073260073260073,0.0
1781174256.700544,-0.0073260073260073,0.0
1781174256.7107024,-0.0073260073260073,0.0
1781174256.7210076,-0.0073260073260073,0.0
1781174256.7311692,-0.0073260073260073,0.0
1781174256.7413774,-0.0073260073260073,0.0
1781174256.7515287,-0.0073260073260073,0.0
1781174256.761659,-0.0073260073260073,0.0
1781174256.7718067,-0.0073260073260073,0.0
1781174256.7819216,-0.0073260073260073,0.0
1781174256.7920449,-0.0073260073260073,0.0
1781174256.8021827,-0.0073260073260073,0.0
1781174256.812505,-0.0073260073260073,0.0
1781174256.8226805,-0.0073260073260073,0.0
1781174256.832831,-0.0073260073260073,0.0
1781174256.8429923,-0.0073260073260073,0.0
1781174256.8531399,-0.0073260073260073,0.0
1781174256.863282,-0.0073260073260073,0.0
1781174256.8733966,-0.0073260073260073,0.0
1781174256.8835208,-0.0073260073260073,0.0
1781174256.8936448,-0.0073260073260073,0.0
1781174256.90377,-0.0073260073260073,0.0
1781174256.9139028,-0.0073260073260073,0.0
1781174256.9240599,-0.0073260073260073,0.0
1781174256.9342482,-0.0073260073260073,0.0
1781174256.944411,-0.0073260073260073,0.0
1781174256.954561,-0.0073260073260073,0.0
1781174256.9647276,-0.0073260073260073,0.0
1781174256.9748805,-0.0073260073260073,0.0
1781174256.9850924,-0.0073260073260073,0.0
1781174256.995228,-0.0073260073260073,0.0
1781174257.0053737,-0.0073260073260073,0.0
1781174257.015498,-0.0073260073260073,0.0
1781174257.0256155,-0.0073260073260073,0.0
1781174257.0357301,-0.0073260073260073,0.0
1781174257.046039,-0.0073260073260073,0.0
1781174257.0562522,-0.0073260073260073,0.0
1781174257.066418,-0.0073260073260073,0.0
1781174257.0768259,-0.0073260073260073,0.0
1781174257.0869977,-0.0073260073260073,0.0
1781174257.097198,-0.0073260073260073,0.0
1781174257.1073961,-0.0073260073260073,0.0
1781174257.1175895,-0.0073260073260073,0.0
1781174257.1277905,-0.0073260073260073,0.0
1781174257.1380188,-0.0073260073260073,0.0
1781174257.1482437,-0.0073260073260073,0.0
1781174257.1584263,-0.0073260073260073,0.0
1781174257.1686475,-0.0073260073260073,0.0
1781174257.178836,-0.0073260073260073,0.0
1781174257.1889532,-0.0073260073260073,0.0
1781174257.199067,-0.0073260073260073,0.0
1781174257.2092242,-0.0073260073260073,0.0
1781174257.2199993,-0.0073260073260073,0.0
1781174257.2301662,-0.0073260073260073,0.0
1781174257.2402718,-0.0073260073260073,0.0
1781174257.2504194,-0.0073260073260073,0.0
1781174257.2605321,-0.0073260073260073,0.0
1781174257.2706804,-0.0073260073260073,0.0
1781174257.2808106,-0.0073260073260073,0.0
1781174257.2909489,-0.0073260073260073,0.0
1781174257.3011062,-0.0073260073260073,0.0
1781174257.3113272,-0.0073260073260073,0.0
1781174257.3214574,-0.0073260073260073,0.0
1781174257.3315918,-0.0073260073260073,0.0
1781174257.3417265,-0.0073260073260073,0.0
1781174257.3518538,-0.0073260073260073,0.0
1781174257.3620193,-0.0073260073260073,0.0
1781174257.372172,-0.0073260073260073,0.0
1781174257.3823519,-0.0073260073260073,0.0
1781174257.3924804,-0.0073260073260073,0.0
1781174257.4026015,-0.0073260073260073,0.0
1781174257.4127443,-0.0073260073260073,0.0
1781174257.4228532,-0.0073260073260073,0.0
1781174257.4329803,-0.0073260073260073,0.0
1781174257.4431784,-0.0073260073260073,0.0
1781174257.453332,-0.0073260073260073,0.0
1781174257.4634433,-0.0073260073260073,0.0
1781174257.4735723,-0.0073260073260073,0.0
1781174257.4837074,-0.0073260073260073,0.0
1781174257.4938126,-0.0073260073260073,0.0
1781174257.5039573,-0.0073260073260073,0.0
1781174257.514305,-0.0073260073260073,0.0
1781174257.5244641,-0.0073260073260073,0.0
1781174257.5347044,-0.0073260073260073,0.0
1781174257.544849,-0.0073260073260073,0.0
1781174257.555035,-0.0073260073260073,0.0
1781174257.565152,-0.0073260073260073,0.0
1781174257.5752676,-0.0073260073260073,0.0
1781174257.5855439,-0.0073260073260073,0.0
1781174257.59571,-0.0073260073260073,0.0
1781174257.6058185,-0.0073260073260073,0.0
1781174257.6160233,-0.0073260073260073,0.0
1781174257.6262774,-0.0073260073260073,0.0
1781174257.6364048,-0.0073260073260073,0.0
1781174257.6465142,-0.0073260073260073,0.0
1781174257.6566248,-0.0073260073260073,0.0
1781174257.6667569,-0.0073260073260073,0.0
1781174257.6769865,-0.0073260073260073,0.0
1781174257.6872644,-0.0073260073260073,0.0
1781174257.6973934,-0.0073260073260073,0.0
1781174257.7075024,-0.0073260073260073,0.0
1781174257.7176118,-0.0073260073260073,0.0
1781174257.7277148,-0.0073260073260073,0.0
1781174257.737822,-0.0073260073260073,0.0
1781174257.748012,-0.0073260073260073,0.0
1781174257.7582774,-0.0073260073260073,0.0
1781174257.7684128,-0.0073260073260073,0.0
1781174257.7785172,-0.0073260073260073,0.0
1781174257.7886298,-0.0073260073260073,0.0
1781174257.7987382,-0.0073260073260073,0.0
1781174257.8088908,-0.0073260073260073,0.0
1781174257.819147,-0.0073260073260073,0.0
1781174257.8294256,-0.0073260073260073,0.0
1781174257.8395443,-0.0073260073260073,0.0
1781174257.8496516,-0.0073260073260073,0.0
1781174257.8597581,-0.0073260073260073,0.0
1781174257.8698604,-0.0073260073260073,0.0
1781174257.880096,-0.0073260073260073,0.0
1781174257.8902822,-0.0073260073260073,0.0
1781174257.9004447,-0.0073260073260073,0.0
1781174257.9106736,-0.0073260073260073,0.0
1781174257.9209201,-0.0073260073260073,0.0
1781174257.9311612,-0.0073260073260073,0.0
1781174257.941398,-0.0073260073260073,0.0
1781174257.9516456,-0.0073260073260073,0.0
1781174257.9618785,-0.0073260073260073,0.0
1781174257.972127,-0.0073260073260073,0.0
1781174257.9823742,-0.0073260073260073,0.0
1781174257.9926205,-0.0073260073260073,0.0
1781174258.0028965,-0.0073260073260073,0.0
1781174258.0131266,-0.0073260073260073,0.0
1781174258.0234284,-0.0073260073260073,0.0
1781174258.033548,-0.0073260073260073,0.0
1781174258.0436723,-0.0073260073260073,0.0
1781174258.0539248,-0.0073260073260073,0.0
1781174258.0641592,-0.0073260073260073,0.0
1781174258.0743768,-0.0073260073260073,0.0
1781174258.0845203,-0.0073260073260073,0.0
1781174258.0946338,-0.0073260073260073,0.0
1781174258.1047475,-0.0073260073260073,0.0
1781174258.1150308,-0.0073260073260073,0.0
1781174258.1253312,-0.0073260073260073,0.0
1781174258.1354623,-0.0073260073260073,0.0
1781174258.1455863,-0.0073260073260073,0.0
1781174258.1557095,-0.0073260073260073,0.0
1781174258.1658504,-0.0073260073260073,0.0
1781174258.1759992,-0.0073260073260073,0.0
1781174258.1861377,-0.0073260073260073,0.0
1781174258.1962852,-0.0073260073260073,0.0
1781174258.2080011,-0.0073260073260073,0.0
1781174258.2182472,-0.0073260073260073,0.0
1781174258.2284167,-0.0073260073260073,0.0
1781174258.2385821,-0.0073260073260073,0.0
1781174258.2486873,-0.0073260073260073,0.0
1781174258.2587888,-0.0073260073260073,0.0
1781174258.2689066,-0.0073260073260073,0.0
1781174258.279081,-0.0073260073260073,0.0
1781174258.289192,-0.0073260073260073,0.0
1781174258.2993736,-0.0073260073260073,0.0
1781174258.3094742,-0.0073260073260073,0.0
1781174258.3195822,-0.0073260073260073,0.0
1781174258.3296938,-0.0073260073260073,0.0
1781174258.3398216,-0.0073260073260073,0.0
1781174258.3499994,-0.0073260073260073,0.0
1781174258.3601143,-0.0073260073260073,0.0
1781174258.3702989,-0.0073260073260073,0.0
1781174258.3804586,-0.0073260073260073,0.0
1781174258.3905966,-0.0073260073260073,0.0
1781174258.400762,-0.0073260073260073,0.0
1781174258.4108717,-0.0073260073260073,0.0
1781174258.4209733,-0.0073260073260073,0.0
1781174258.4310808,-0.0073260073260073,0.0
1781174258.441183,-0.0073260073260073,0.0
1781174258.4512918,-0.0073260073260073,0.0
1781174258.4613938,-0.0073260073260073,0.0
1781174258.471504,-0.0073260073260073,0.0
1781174258.4816196,-0.0073260073260073,0.0
1781174258.4918199,-0.0073260073260073,0.0
1781174258.5019248,-0.0073260073260073,0.0
1781174258.5120435,-0.0073260073260073,0.0
1781174258.5221684,-0.0073260073260073,0.0
1781174258.532256,-0.0073260073260073,0.0
1781174258.542395,-0.0073260073260073,0.0
1781174258.5525317,-0.0073260073260073,0.0
1781174258.5626419,-0.0073260073260073,0.0
1781174258.572788,-0.0073260073260073,0.0
1781174258.5833163,-0.0073260073260073,0.0
1781174258.593458,-0.0073260073260073,0.0
1781174258.6035626,-0.0073260073260073,0.0
1781174258.6136475,-0.0073260073260073,0.0
1781174258.6237395,-0.0073260073260073,0.0
1781174258.633835,-0.0073260073260073,0.0
1781174258.6439414,-0.0073260073260073,0.0
1781174258.6540442,-0.0073260073260073,0.0
1781174258.6641545,-0.0073260073260073,0.0
1781174258.674252,-0.0073260073260073,0.0
1781174258.6843555,-0.0073260073260073,0.0
1781174258.6944544,-0.0073260073260073,0.0
1781174258.7045567,-0.0073260073260073,0.0
1781174258.7146516,-0.0073260073260073,0.0
1781174258.7247417,-0.0073260073260073,0.0
1781174258.7348354,-0.0073260073260073,0.0
1781174258.7449343,-0.0073260073260073,0.0
1781174258.7550383,-0.0073260073260073,0.0
1781174258.7651243,-0.0073260073260073,0.0
1781174258.7752216,-0.0073260073260073,0.0
1781174258.785316,-0.0073260073260073,0.0
1781174258.7954037,-0.0073260073260073,0.0
1781174258.8054988,-0.0073260073260073,0.0
1781174258.8155847,-0.0073260073260073,0.0
1781174258.8256795,-0.0073260073260073,0.0
1781174258.835766,-0.0073260073260073,0.0
1781174258.845859,-0.0073260073260073,0.0
1781174258.8559728,-0.0073260073260073,0.0
1781174258.8660774,-0.0073260073260073,0.0
1781174258.8761652,-0.0073260073260073,0.0
1781174258.8862476,-0.0073260073260073,0.0
1781174258.896345,-0.0073260073260073,0.0
1781174258.90644,-0.0073260073260073,0.0
1781174258.9165359,-0.0073260073260073,0.0
1781174258.9266322,-0.0073260073260073,0.0
1781174258.9367216,-0.0073260073260073,0.0
1781174258.94682,-0.0073260073260073,0.0
1781174258.9569304,-0.0073260073260073,0.0
1781174258.967021,-0.0073260073260073,0.0
1781174258.977112,-0.0073260073260073,0.0
1781174258.9872034,-0.0073260073260073,0.0
1781174258.9972827,-0.0073260073260073,0.0
1781174259.0073879,-0.0073260073260073,0.0
1781174259.0174806,-0.0073260073260073,0.0
1781174259.0275762,-0.0073260073260073,0.0
1781174259.0376732,-0.0073260073260073,0.0
1781174259.0477736,-0.0073260073260073,0.0
1781174259.0579185,-0.0073260073260073,0.0
1781174259.068077,-0.0073260073260073,0.0
1781174259.0806425,-0.0073260073260073,0.0
1781174259.0907865,-0.0073260073260073,0.0
1781174259.1009085,-0.0073260073260073,0.0
1781174259.111012,-0.0073260073260073,0.0
1781174259.121118,-0.0073260073260073,0.0
1781174259.1312485,-0.0073260073260073,0.0
1781174259.1413522,-0.0073260073260073,0.0
1781174259.1514783,-0.0073260073260073,0.0
1781174259.1615884,-0.0073260073260073,0.0
1781174259.1718612,-0.0073260073260073,0.0
1781174259.182042,-0.0073260073260073,0.0
1781174259.1921399,-0.0073260073260073,0.0
1781174259.2022421,-0.0073260073260073,0.0
1781174259.2123408,-0.0073260073260073,0.0
1781174259.2224529,-0.0073260073260073,0.0
1781174259.2325504,-0.0073260073260073,0.0
1781174259.2426555,-0.0073260073260073,0.0
1781174259.2527537,-0.0073260073260073,0.0
1781174259.2628505,-0.0073260073260073,0.0
1781174259.272956,-0.0073260073260073,0.0
1781174259.2830594,-0.0073260073260073,0.0
1781174259.2931888,-0.0073260073260073,0.0
1781174259.3032584,-0.0073260073260073,0.0
1781174259.3133886,-0.0073260073260073,0.0
1781174259.3235102,-0.0073260073260073,0.0
1781174259.3336616,-0.0073260073260073,0.0
1781174259.343811,-0.0073260073260073,0.0
1781174259.353909,-0.0073260073260073,0.0
1781174259.3640141,-0.0073260073260073,0.0
1781174259.3741114,-0.0073260073260073,0.0
1781174259.3842163,-0.0073260073260073,0.0
1781174259.3943233,-0.0073260073260073,0.0
1781174259.4044867,-0.0073260073260073,0.0
1781174259.4145896,-0.0073260073260073,0.0
1781174259.4247599,-0.0073260073260073,0.0
1781174259.4348757,-0.0073260073260073,0.0
1781174259.4449813,-0.0073260073260073,0.0
1781174259.4550855,-0.0073260073260073,0.0
1781174259.4652095,-0.0073260073260073,0.0
1781174259.475413,-0.0073260073260073,0.0
1781174259.485517,-0.0073260073260073,0.0
1781174259.495625,-0.0073260073260073,0.0
1781174259.5057664,-0.0073260073260073,0.0
1781174259.515908,-0.0073260073260073,0.0
1781174259.5260189,-0.0073260073260073,0.0
1781174259.5361252,-0.0073260073260073,0.0
1781174259.5462506,-0.0073260073260073,0.0
1781174259.5563917,-0.0073260073260073,0.0
1781174259.5665047,-0.0073260073260073,0.0
1781174259.576642,-0.0073260073260073,0.0
1781174259.5869038,-0.0073260073260073,0.0
1781174259.597016,-0.0073260073260073,0.0
1781174259.6071262,-0.0073260073260073,0.0
1781174259.617234,-0.0073260073260073,0.0
1781174259.6273317,-0.0073260073260073,0.0
1781174259.6375227,-0.0073260073260073,0.0
1781174259.6476626,-0.0073260073260073,0.0
1781174259.657768,-0.0073260073260073,0.0
1781174259.6678743,-0.0073260073260073,0.0
1781174259.677972,-0.0073260073260073,0.0
1781174259.688069,-0.0073260073260073,0.0
1781174259.6982005,-0.0073260073260073,0.0
1781174259.7083666,-0.0073260073260073,0.0
1781174259.7184436,-0.0073260073260073,0.0
1781174259.728671,-0.0073260073260073,0.0
1781174259.7387753,-0.0073260073260073,0.0
1781174259.748905,-0.0073260073260073,0.0
1781174259.7590096,-0.0073260073260073,0.0
1781174259.7691069,-0.0073260073260073,0.0
1781174259.7792113,-0.0073260073260073,0.0
1781174259.7893474,-0.0073260073260073,0.0
1781174259.799458,-0.0073260073260073,0.0
1781174259.8095634,-0.0073260073260073,0.0
1781174259.8196661,-0.0073260073260073,0.0
1781174259.8297799,-0.0073260073260073,0.0
1781174259.8399227,-0.0073260073260073,0.0
1781174259.8500454,-0.0073260073260073,0.0
1781174259.8602505,-0.0073260073260073,0.0
1781174259.87038,-0.0073260073260073,0.0
1781174259.8805258,-0.0073260073260073,0.0
1781174259.8906417,-0.0073260073260073,0.0
1781174259.9007611,-0.0073260073260073,0.0
1781174259.9108574,-0.0073260073260073,0.0
1781174259.9209716,-0.0073260073260073,0.0
1781174259.9310937,-0.0073260073260073,0.0
1781174259.9411979,-0.0073260073260073,0.0
1781174259.9513392,-0.0073260073260073,0.0
1781174259.9614484,-0.0073260073260073,0.0
1781174259.9715457,-0.0073260073260073,0.0
1781174259.9816473,-0.0073260073260073,0.0
1781174259.9917476,-0.0073260073260073,0.0
1781174260.001848,-0.0073260073260073,0.0
1781174260.0119443,-0.0073260073260073,0.0
1781174260.0220451,-0.0073260073260073,0.0
1781174260.0321612,-0.0073260073260073,0.0
1781174260.0422535,-0.0073260073260073,0.0
1781174260.0523636,-0.0073260073260073,0.0
1781174260.0624926,-0.0073260073260073,0.0
1781174260.0726001,-0.0073260073260073,0.0
1781174260.0826998,-0.0073260073260073,0.0
1781174260.09281,-0.0073260073260073,0.0
1781174260.1029131,-0.0073260073260073,0.0
1781174260.1130183,-0.0073260073260073,0.0
1781174260.1231108,-0.0073260073260073,0.0
1781174260.1332798,-0.0073260073260073,0.0
1781174260.1434555,-0.0073260073260073,0.0
1781174260.1535592,-0.0073260073260073,0.0
1781174260.1636658,-0.0073260073260073,0.0
1781174260.173796,-0.0073260073260073,0.0
1781174260.1839354,-0.0073260073260073,0.0
1781174260.1940577,-0.0073260073260073,0.0
1781174260.2042162,-0.0073260073260073,0.0
1781174260.214342,-0.0073260073260073,0.0
1781174260.2246456,-0.0073260073260073,0.0
1781174260.234754,-0.0073260073260073,0.0
1781174260.244857,-0.0073260073260073,0.0
1781174260.2549696,-0.0073260073260073,0.0
1781174260.2650728,-0.0073260073260073,0.0
1781174260.2752283,-0.0073260073260073,0.0
1781174260.2853572,-0.0073260073260073,0.0
1781174260.2954905,-0.0073260073260073,0.0
1781174260.305619,-0.0073260073260073,0.0
1781174260.3157227,-0.0073260073260073,0.0
1781174260.325826,-0.0073260073260073,0.0
1781174260.3359272,-0.0073260073260073,0.0
1781174260.3460295,-0.0073260073260073,0.0
1781174260.3561342,-0.0073260073260073,0.0
1781174260.3662403,-0.0073260073260073,0.0
1781174260.376339,-0.0073260073260073,0.0
1781174260.386442,-0.0073260073260073,0.0
1781174260.3965461,-0.0073260073260073,0.0
1781174260.4066565,-0.0073260073260073,0.0
1781174260.41679,-0.0073260073260073,0.0
1781174260.426892,-0.0073260073260073,0.0
1781174260.4370408,-0.0073260073260073,0.0
1781174260.4471695,-0.0073260073260073,0.0
1781174260.457254,-0.0073260073260073,0.0
1781174260.4673731,-0.0073260073260073,0.0
1781174260.477481,-0.0073260073260073,0.0
1781174260.4875984,-0.0073260073260073,0.0
1781174260.4977424,-0.0073260073260073,0.0
1781174260.507864,-0.0073260073260073,0.0
1781174260.5180006,-0.0073260073260073,0.0
1781174260.5281134,-0.0073260073260073,0.0
1781174260.5382621,-0.0073260073260073,0.0
1781174260.5483708,-0.0073260073260073,0.0
1781174260.5584779,-0.0073260073260073,0.0
1781174260.568584,-0.0073260073260073,0.0
1781174260.5786853,-0.0073260073260073,0.0
1781174260.5887926,-0.0073260073260073,0.0
1781174260.5989065,-0.0073260073260073,0.0
1781174260.6090155,-0.0073260073260073,0.0
1781174260.6192904,-0.0073260073260073,0.0
1781174260.6294117,-0.0073260073260073,0.0
1781174260.6396737,-0.0073260073260073,0.0
1781174260.6497834,-0.0073260073260073,0.0
1781174260.659886,-0.0073260073260073,0.0
1781174260.6700172,-0.0073260073260073,0.0
1781174260.6801229,-0.0073260073260073,0.0
1781174260.6902304,-0.0073260073260073,0.0
1781174260.7003307,-0.0073260073260073,0.0
1781174260.7104278,-0.0073260073260073,0.0
1781174260.7205245,-0.0073260073260073,0.0
1781174260.730652,-0.0073260073260073,0.0
1781174260.7407598,-0.0073260073260073,0.0
1781174260.7508733,-0.0073260073260073,0.0
1781174260.7609801,-0.0073260073260073,0.0
1781174260.7712731,-0.0073260073260073,0.0
1781174260.7813964,-0.0073260073260073,0.0
1781174260.7915046,-0.0073260073260073,0.0
1781174260.8016098,-0.0073260073260073,0.0
1781174260.811706,-0.0073260073260073,0.0
1781174260.82181,-0.0073260073260073,0.0
1781174260.8319876,-0.0073260073260073,0.0
1781174260.8421376,-0.0073260073260073,0.0
1781174260.8525894,-0.0073260073260073,0.0
1781174260.862763,-0.0073260073260073,0.0
1781174260.8732674,-0.0073260073260073,0.0
1781174260.883342,-0.0073260073260073,0.0
1781174260.893445,-0.0073260073260073,0.0
1781174260.9035444,-0.0073260073260073,0.0
1781174260.9136424,-0.0073260073260073,0.0
1781174260.923854,-0.0073260073260073,0.0
1781174260.933964,-0.0073260073260073,0.0
1781174260.9442713,-0.0073260073260073,0.0
1781174260.9543855,-0.0073260073260073,0.0
1781174260.9645045,-0.0073260073260073,0.0
1781174260.9746103,-0.0073260073260073,0.0
1781174260.9847078,-0.0073260073260073,0.0
1781174260.9948053,-0.0073260073260073,0.0
1781174261.004968,-0.0073260073260073,0.0
1781174261.015083,-0.0073260073260073,0.0
1781174261.0252712,-0.0073260073260073,0.0
1781174261.0354164,-0.0073260073260073,0.0
1781174261.0455368,-0.0073260073260073,0.0
1781174261.0557053,-0.0073260073260073,0.0
1781174261.0658233,-0.0073260073260073,0.0
1781174261.0759575,-0.0073260073260073,0.0
1781174261.0860813,-0.0073260073260073,0.0
1781174261.0962677,-0.0073260073260073,0.0
1781174261.1063836,-0.0073260073260073,0.0
1781174261.1164885,-0.0073260073260073,0.0
1781174261.126593,-0.0073260073260073,0.0
1781174261.1366987,-0.0073260073260073,0.0
1781174261.1468153,-0.0073260073260073,0.0
1781174261.1569223,-0.0073260073260073,0.0
1781174261.1671681,-0.0073260073260073,0.0
1781174261.1772797,-0.0073260073260073,0.0
1781174261.1873782,-0.0073260073260073,0.0
1781174261.1974826,-0.0073260073260073,0.0
1781174261.2075849,-0.0073260073260073,0.0
1781174261.2176993,-0.0073260073260073,0.0
1781174261.2278,-0.0073260073260073,0.0
1781174261.2381182,-0.0073260073260073,0.0
1781174261.248297,-0.0073260073260073,0.0
1781174261.2584016,-0.0073260073260073,0.0
1781174261.2687411,-0.0073260073260073,0.0
1781174261.2788844,-0.0073260073260073,0.0
1781174261.288982,-0.0073260073260073,0.0
1781174261.2990816,-0.0073260073260073,0.0
1781174261.3092065,-0.0073260073260073,0.0
1781174261.3193288,-0.0073260073260073,0.0
1781174261.3294961,-0.0073260073260073,0.0
1781174261.3396971,-0.0073260073260073,0.0
1781174261.349795,-0.0073260073260073,0.0
1781174261.3599076,-0.0073260073260073,0.0
1781174261.3700109,-0.0073260073260073,0.0
1781174261.3801308,-0.0073260073260073,0.0
1781174261.3902817,-0.0073260073260073,0.0
1781174261.4004269,-0.0073260073260073,0.0
1781174261.4106238,-0.0073260073260073,0.0
1781174261.4207306,-0.0073260073260073,0.0
1781174261.4308486,-0.0073260073260073,0.0
1781174261.4409611,-0.0073260073260073,0.0
1781174261.45108,-0.0073260073260073,0.0
1781174261.4611914,-0.0073260073260073,0.0
1781174261.4714594,-0.0073260073260073,0.0
1781174261.4816113,-0.0073260073260073,0.0
1781174261.4917247,-0.0073260073260073,0.0
1781174261.5018392,-0.0073260073260073,0.0
1781174261.511952,-0.0073260073260073,0.0
1781174261.5220585,-0.0073260073260073,0.0
1781174261.532243,-0.0073260073260073,0.0
1781174261.5424879,-0.0073260073260073,0.0
1781174261.552604,-0.0073260073260073,0.0
1781174261.5629237,-0.0073260073260073,0.0
1781174261.5730777,-0.0073260073260073,0.0
1781174261.5833085,-0.0073260073260073,0.0
1781174261.5934196,-0.0073260073260073,0.0
1781174261.603529,-0.0073260073260073,0.0
1781174261.6136327,-0.0073260073260073,0.0
1781174261.623779,-0.0073260073260073,0.0
1781174261.633958,-0.0073260073260073,0.0
1781174261.644085,-0.0073260073260073,0.0
1781174261.6545966,-0.0073260073260073,0.0
1781174261.6649456,-0.0073260073260073,0.0
1781174261.6751528,-0.0073260073260073,0.0
1781174261.6853123,-0.0073260073260073,0.0
1781174261.695418,-0.0073260073260073,0.0
1781174261.7055275,-0.0073260073260073,0.0
1781174261.7156527,-0.0073260073260073,0.0
1781174261.725845,-0.0073260073260073,0.0
1781174261.7360642,-0.0073260073260073,0.0
1781174261.746163,-0.0073260073260073,0.0
1781174261.7562685,-0.0073260073260073,0.0
1781174261.7663803,-0.0073260073260073,0.0
1781174261.776491,-0.0073260073260073,0.0
1781174261.7866116,-0.0073260073260073,0.0
1781174261.7967243,-0.0073260073260073,0.0
1781174261.806844,-0.0073260073260073,0.0
1781174261.8169975,-0.0073260073260073,0.0
1781174261.827109,-0.0073260073260073,0.0
1781174261.837261,-0.0073260073260073,0.0
1781174261.8473718,-0.0073260073260073,0.0
1781174261.8574994,-0.0073260073260073,0.0
1781174261.8676808,-0.0073260073260073,0.0
1781174261.8778393,-0.0073260073260073,0.0
1781174261.8883576,-0.0073260073260073,0.0
1781174261.8985627,-0.0073260073260073,0.0
1781174261.9087038,-0.0073260073260073,0.0
1781174261.9188867,-0.0073260073260073,0.0
1781174261.9290547,-0.0073260073260073,0.0
1781174261.939231,-0.0073260073260073,0.0
1781174261.9493916,-0.0073260073260073,0.0
1781174261.9595757,-0.0073260073260073,0.0
1781174261.9697437,-0.0073260073260073,0.0
1781174261.9799109,-0.0073260073260073,0.0
1781174261.9901438,-0.0073260073260073,0.0
1781174262.0005286,-0.0073260073260073,0.0
1781174262.0107236,-0.0073260073260073,0.0
1781174262.0208414,-0.0073260073260073,0.0
1781174262.031007,-0.0073260073260073,0.0
1781174262.0411856,-0.0073260073260073,0.0
1781174262.0513687,-0.0073260073260073,0.0
1781174262.0615435,-0.0073260073260073,0.0
1781174262.07171,-0.0073260073260073,0.0
1781174262.0818722,-0.0073260073260073,0.0
1781174262.0921032,-0.0073260073260073,0.0
1781174262.102265,-0.0073260073260073,0.0
